القطاع,القسم,الإدارة,التنظيم الإداري,اسم العقد,المقاول الرئيسي,اسم المشروع,التصنيف الاقتصادي,رأسمالي / تشغيلي,التصنيف الصناعي,قيمة الارتباط,المدة,تاريخ الترسية,تاريخ نهاية العقد
التعليم,المشاريع,الدمام,مركزي,عقد رقم 2020-001,مؤسسة محمد الموسى,تشغيل وصيانة المرافق,الصيانة الدورية,رأسمالي,خدمات متخصصة,190000,6,2023-08-02,2024-01-29
التعليم,الخدمات,حائل,مركزي,عقد رقم 2020-002,مجموعة الزامل,صيانة الطرق,الصيانة الدورية,تشغيلي,صيانة,160000,3,2022-05-14,2022-08-12
البلدية,المشاريع,تبوك,إقليمي,عقد رقم 2020-003,شركة عبدالله عبدالمحسن الخضري,إنشاءات جديدة,الخدمات العامة,تشغيلي,إنشاءات,2050000,24,2022-07-08,2024-06-27
الدفاع,الخدمات,المدينة,مركزي,عقد رقم 2020-004,شركة المباني الحديثة,تطوير المرافق,الصيانة الدورية,رأسمالي,مقاولات عامة,490000,48,2020-07-08,2024-06-17
البلدية,العمليات,حائل,فرعي,عقد رقم 2020-005,شركة المباني الحديثة,تطوير البنية التحتية,مشاريع البنية التحتية,مختلط,صيانة,7180000,24,2020-06-10,2022-05-31
البلدية,الصيانة,تبوك,إقليمي,عقد رقم 2020-006,شركة الفطيم للمقاولات,أعمال النظافة,التطوير والصيانة,رأسمالي,خدمات فنية,25620000,24,2024-05-02,2026-04-22
الإسكان,الصيانة,حائل,فرعي,عقد رقم 2020-007,مجموعة الزامل,تشغيل وصيانة المرافق,الخدمات العامة,رأسمالي,مقاولات عامة,7880000,18,2021-12-28,2023-06-21
التعليم,العمليات,الرياض,فرعي,عقد رقم 2020-008,شركة بن لادن السعودية,الخدمات الكهربائية,المشاريع الاستراتيجية,تشغيلي,إنشاءات,47370000,24,2022-02-16,2024-02-06
الداخلية,التطوير,الدمام,إقليمي,عقد رقم 2020-009,شركة الراجحي للمقاولات,صيانة الطرق,الصيانة الدورية,مختلط,خدمات فنية,310000,36,2021-03-08,2024-02-21
الدفاع,المشاريع,الدمام,محلي,عقد رقم 2020-010,مجموعة السعودي الفرنسي,صيانة المباني,مشاريع البنية التحتية,رأسمالي,صيانة,36800000,48,2024-03-09,2028-02-17
الداخلية,الخدمات,أبها,إقليمي,عقد رقم 2020-011,مجموعة الزامل,صيانة المباني,مشاريع البنية التحتية,مختلط,خدمات متخصصة,1300000,48,2024-06-10,2028-05-20
الصحة,العمليات,تبوك,فرعي,عقد رقم 2020-012,شركة الفطيم للمقاولات,صيانة المباني,التطوير والصيانة,مختلط,صيانة,4850000,24,2024-03-17,2026-03-07
البلدية,الخدمات,حائل,فرعي,عقد رقم 2020-013,شركة الراجحي للمقاولات,الخدمات الكهربائية,الخدمات العامة,مختلط,خدمات متخصصة,30020000,6,2022-11-05,2023-05-04
الدفاع,العمليات,مكة,مركزي,عقد رقم 2020-014,مجموعة العليان,ترميم وتجديد,مشاريع البنية التحتية,رأسمالي,مقاولات عامة,730000,36,2020-01-02,2022-12-17
البلدية,المشاريع,الدمام,محلي,عقد رقم 2020-015,مجموعة الزامل,إنشاءات جديدة,التطوير والصيانة,مختلط,خدمات متخصصة,45740000,6,2024-07-29,2025-01-25
الإسكان,العمليات,تبوك,إقليمي,عقد رقم 2020-016,شركة الفطيم للمقاولات,صيانة دورية,المشاريع الاستراتيجية,رأسمالي,صيانة,23490000,18,2022-05-16,2023-11-07
النقل,المشاريع,حائل,فرعي,عقد رقم 2020-017,شركة بن لادن السعودية,تطوير البنية التحتية,مشاريع البنية التحتية,رأسمالي,إنشاءات,1730000,6,2021-04-05,2021-10-02
الدفاع,التطوير,مكة,فرعي,عقد رقم 2020-018,شركة المباني الحديثة,ترميم وتجديد,الصيانة الدورية,تشغيلي,صيانة,170000,36,2020-03-05,2023-02-18
الصحة,الصيانة,تبوك,إقليمي,عقد رقم 2020-019,مجموعة صافولا,أعمال السباكة,المشاريع الاستراتيجية,مختلط,إنشاءات,3590000,60,2024-05-25,2029-04-29
الدفاع,الصيانة,مكة,فرعي,عقد رقم 2020-020,مجموعة العليان,صيانة دورية,المشاريع الاستراتيجية,رأسمالي,مقاولات عامة,430000,6,2023-10-11,2024-04-08
الداخلية,الخدمات,جدة,مركزي,عقد رقم 2020-021,مؤسسة محمد الموسى,صيانة دورية,مشاريع البنية التحتية,رأسمالي,صيانة,650000,24,2021-01-10,2022-12-31
البلدية,التطوير,الرياض,فرعي,عقد رقم 2020-022,مجموعة صافولا,صيانة المباني,المشاريع الاستراتيجية,تشغيلي,مقاولات عامة,940000,48,2020-12-06,2024-11-15
البلدية,الخدمات,أبها,فرعي,عقد رقم 2020-023,مجموعة العليان,أنظمة التكييف,الخدمات العامة,رأسمالي,خدمات متخصصة,8120000,48,2021-08-07,2025-07-17
الصحة,الخدمات,أبها,فرعي,عقد رقم 2020-024,شركة بن لادن السعودية,صيانة دورية,مشاريع البنية التحتية,رأسمالي,إنشاءات,2470000,3,2024-02-15,2024-05-15
الداخلية,الصيانة,حائل,فرعي,عقد رقم 2020-025,شركة النهدي للتطوير,ترميم وتجديد,مشاريع البنية التحتية,مختلط,إنشاءات,3970000,6,2023-05-03,2023-10-30
الإسكان,العمليات,مكة,إقليمي,عقد رقم 2020-026,مجموعة صافولا,إنشاءات جديدة,التطوير والصيانة,تشغيلي,خدمات فنية,23700000,36,2022-05-08,2025-04-22
النقل,الصيانة,جدة,فرعي,عقد رقم 2020-027,مجموعة الزامل,أنظمة التكييف,الخدمات العامة,تشغيلي,إنشاءات,370000,6,2024-03-19,2024-09-15
الداخلية,الخدمات,المدينة,مركزي,عقد رقم 2020-028,مؤسسة محمد الموسى,صيانة دورية,التطوير والصيانة,مختلط,إنشاءات,830000,18,2024-12-05,2026-05-29
الإسكان,الخدمات,الدمام,إقليمي,عقد رقم 2020-029,شركة عبدالله عبدالمحسن الخضري,ترميم وتجديد,الخدمات العامة,مختلط,خدمات فنية,100000,12,2024-12-03,2025-11-28
البلدية,الصيانة,جدة,محلي,عقد رقم 2020-030,شركة عبدالله عبدالمحسن الخضري,صيانة المباني,مشاريع البنية التحتية,تشغيلي,صيانة,1020000,24,2021-02-20,2023-02-10
النقل,التطوير,القصيم,مركزي,عقد رقم 2020-031,مجموعة السعودي الفرنسي,تطوير البنية التحتية,الخدمات العامة,مختلط,إنشاءات,280000,24,2023-07-28,2025-07-17
الداخلية,المشاريع,الرياض,إقليمي,عقد رقم 2020-032,شركة أرامكو للخدمات,صيانة المباني,التطوير والصيانة,رأسمالي,صيانة,810000,36,2024-09-05,2027-08-21
البلدية,التطوير,حائل,فرعي,عقد رقم 2020-033,مجموعة العليان,إنشاءات جديدة,الخدمات العامة,تشغيلي,إنشاءات,1670000,6,2023-09-27,2024-03-25
البلدية,المشاريع,المدينة,فرعي,عقد رقم 2020-034,شركة المباني الحديثة,تطوير البنية التحتية,المشاريع الاستراتيجية,رأسمالي,مقاولات عامة,5450000,36,2021-01-02,2023-12-18
الدفاع,العمليات,مكة,فرعي,عقد رقم 2020-035,شركة بن لادن السعودية,أعمال النظافة,الخدمات العامة,تشغيلي,خدمات فنية,5860000,18,2021-03-31,2022-09-22
الدفاع,الخدمات,تبوك,إقليمي,عقد رقم 2020-036,شركة بن لادن السعودية,تطوير البنية التحتية,التطوير والصيانة,رأسمالي,خدمات متخصصة,28730000,6,2021-07-24,2022-01-20
الدفاع,العمليات,تبوك,مركزي,عقد رقم 2020-037,مجموعة صافولا,ترميم وتجديد,الخدمات العامة,تشغيلي,إنشاءات,270000,3,2021-06-27,2021-09-25
النقل,المشاريع,الطائف,محلي,عقد رقم 2020-038,مجموعة السعودي الفرنسي,أعمال النظافة,التطوير والصيانة,مختلط,خدمات فنية,470000,48,2023-12-22,2027-12-01
النقل,العمليات,تبوك,إقليمي,عقد رقم 2020-039,مجموعة صافولا,تشغيل وصيانة المرافق,التطوير والصيانة,مختلط,صيانة,4510000,6,2023-09-20,2024-03-18
الإسكان,المشاريع,حائل,إقليمي,عقد رقم 2020-040,مجموعة صافولا,صيانة دورية,مشاريع البنية التحتية,تشغيلي,خدمات فنية,5180000,48,2021-01-27,2025-01-06
الإسكان,العمليات,أبها,محلي,عقد رقم 2020-041,شركة الفطيم للمقاولات,أعمال النظافة,الخدمات العامة,مختلط,مقاولات عامة,7080000,48,2021-03-06,2025-02-13
النقل,الخدمات,الطائف,مركزي,عقد رقم 2020-042,مجموعة العليان,أعمال النظافة,التطوير والصيانة,رأسمالي,صيانة,4380000,12,2024-06-13,2025-06-08
النقل,الصيانة,أبها,محلي,عقد رقم 2020-043,مؤسسة محمد الموسى,ترميم وتجديد,الخدمات العامة,مختلط,مقاولات عامة,290000,3,2020-10-28,2021-01-26
الإسكان,الصيانة,جدة,محلي,عقد رقم 2020-044,مجموعة العليان,إنشاءات جديدة,الصيانة الدورية,تشغيلي,إنشاءات,390000,48,2022-10-09,2026-09-18
الداخلية,المشاريع,أبها,إقليمي,عقد رقم 2020-045,شركة الفطيم للمقاولات,ترميم وتجديد,الصيانة الدورية,تشغيلي,خدمات متخصصة,18140000,18,2023-02-15,2024-08-08
الداخلية,العمليات,مكة,إقليمي,عقد رقم 2020-046,مجموعة الزامل,تطوير المرافق,الخدمات العامة,تشغيلي,مقاولات عامة,5980000,12,2022-07-02,2023-06-27
الدفاع,الخدمات,جدة,فرعي,عقد رقم 2020-047,شركة الراجحي للمقاولات,صيانة الطرق,المشاريع الاستراتيجية,مختلط,صيانة,220000,24,2020-06-07,2022-05-28
الدفاع,الخدمات,أبها,محلي,عقد رقم 2020-048,شركة بن لادن السعودية,صيانة الطرق,المشاريع الاستراتيجية,تشغيلي,خدمات متخصصة,260000,18,2023-12-17,2025-06-09
الداخلية,التطوير,الرياض,إقليمي,عقد رقم 2020-049,شركة عبدالله عبدالمحسن الخضري,أعمال السباكة,المشاريع الاستراتيجية,مختلط,خدمات متخصصة,48630000,3,2023-11-25,2024-02-23
الداخلية,التطوير,الرياض,محلي,عقد رقم 2020-050,شركة أرامكو للخدمات,أعمال النظافة,المشاريع الاستراتيجية,مختلط,صيانة,1070000,18,2024-06-26,2025-12-18
الصحة,التطوير,حائل,مركزي,عقد رقم 2020-051,مجموعة السعودي الفرنسي,أعمال النظافة,المشاريع الاستراتيجية,رأسمالي,مقاولات عامة,45840000,60,2024-09-17,2029-08-22
التعليم,التطوير,الطائف,إقليمي,عقد رقم 2020-052,مجموعة صافولا,أنظمة التكييف,المشاريع الاستراتيجية,تشغيلي,إنشاءات,220000,3,2021-01-07,2021-04-07
الدفاع,المشاريع,جدة,مركزي,عقد رقم 2020-053,شركة بن لادن السعودية,صيانة الطرق,الخدمات العامة,رأسمالي,خدمات متخصصة,2430000,3,2022-08-21,2022-11-19
الصحة,الخدمات,مكة,محلي,عقد رقم 2020-054,شركة المباني الحديثة,أنظمة التكييف,التطوير والصيانة,رأسمالي,خدمات متخصصة,400000,18,2020-11-08,2022-05-02
الدفاع,الصيانة,حائل,مركزي,عقد رقم 2020-055,شركة عبدالله عبدالمحسن الخضري,ترميم وتجديد,المشاريع الاستراتيجية,تشغيلي,صيانة,3370000,6,2023-05-28,2023-11-24
الدفاع,الخدمات,جدة,مركزي,عقد رقم 2020-056,شركة أرامكو للخدمات,صيانة دورية,المشاريع الاستراتيجية,مختلط,خدمات فنية,450000,18,2020-06-04,2021-11-26
البلدية,التطوير,جدة,محلي,عقد رقم 2020-057,شركة أرامكو للخدمات,أعمال النظافة,المشاريع الاستراتيجية,مختلط,صيانة,270000,36,2020-05-21,2023-05-06
الدفاع,الخدمات,القصيم,محلي,عقد رقم 2020-058,شركة الفطيم للمقاولات,أعمال السباكة,الصيانة الدورية,تشغيلي,خدمات فنية,7450000,12,2022-06-10,2023-06-05
الدفاع,التطوير,مكة,محلي,عقد رقم 2020-059,شركة النهدي للتطوير,ترميم وتجديد,المشاريع الاستراتيجية,تشغيلي,إنشاءات,2720000,18,2024-10-10,2026-04-03
الدفاع,العمليات,الطائف,إقليمي,عقد رقم 2020-060,شركة النهدي للتطوير,تشغيل وصيانة المرافق,التطوير والصيانة,مختلط,إنشاءات,160000,36,2022-10-09,2025-09-23
الداخلية,التطوير,القصيم,فرعي,عقد رقم 2020-061,شركة المباني الحديثة,تطوير المرافق,المشاريع الاستراتيجية,تشغيلي,إنشاءات,420000,18,2022-11-24,2024-05-17
التعليم,العمليات,حائل,إقليمي,عقد رقم 2020-062,شركة الفطيم للمقاولات,صيانة دورية,الصيانة الدورية,تشغيلي,مقاولات عامة,410000,24,2020-07-09,2022-06-29
الدفاع,العمليات,المدينة,فرعي,عقد رقم 2020-063,مجموعة السعودي الفرنسي,تشغيل وصيانة المرافق,الخدمات العامة,تشغيلي,إنشاءات,1450000,36,2024-03-07,2027-02-20
الداخلية,العمليات,حائل,إقليمي,عقد رقم 2020-064,مجموعة السعودي الفرنسي,صيانة الطرق,التطوير والصيانة,رأسمالي,خدمات فنية,430000,12,2024-03-01,2025-02-24
التعليم,العمليات,الرياض,مركزي,عقد رقم 2020-065,مجموعة الزامل,أنظمة التكييف,الخدمات العامة,مختلط,مقاولات عامة,330000,24,2021-01-02,2022-12-23
الداخلية,التطوير,الطائف,فرعي,عقد رقم 2020-066,شركة بن لادن السعودية,أنظمة التكييف,المشاريع الاستراتيجية,رأسمالي,إنشاءات,1480000,3,2020-07-29,2020-10-27
الإسكان,الصيانة,الدمام,فرعي,عقد رقم 2020-067,شركة النهدي للتطوير,أنظمة التكييف,مشاريع البنية التحتية,رأسمالي,إنشاءات,380000,60,2022-03-31,2027-03-05
النقل,المشاريع,القصيم,محلي,عقد رقم 2020-068,شركة الفطيم للمقاولات,تطوير المرافق,التطوير والصيانة,مختلط,مقاولات عامة,8630000,48,2023-02-16,2027-01-26
الصحة,المشاريع,مكة,إقليمي,عقد رقم 2020-069,مؤسسة محمد الموسى,تطوير البنية التحتية,الخدمات العامة,رأسمالي,صيانة,8200000,3,2021-09-17,2021-12-16
الداخلية,الخدمات,أبها,إقليمي,عقد رقم 2020-070,شركة بن لادن السعودية,صيانة الطرق,التطوير والصيانة,مختلط,خدمات فنية,260000,6,2023-02-04,2023-08-03
الدفاع,الخدمات,مكة,محلي,عقد رقم 2020-071,مجموعة السعودي الفرنسي,صيانة دورية,الخدمات العامة,مختلط,صيانة,170000,60,2023-12-10,2028-11-13
البلدية,العمليات,حائل,إقليمي,عقد رقم 2020-072,شركة الفطيم للمقاولات,تطوير البنية التحتية,المشاريع الاستراتيجية,مختلط,خدمات فنية,130000,12,2021-06-28,2022-06-23
النقل,التطوير,أبها,مركزي,عقد رقم 2020-073,شركة النهدي للتطوير,صيانة المباني,المشاريع الاستراتيجية,مختلط,خدمات فنية,43580000,48,2023-12-04,2027-11-13
الإسكان,الخدمات,حائل,مركزي,عقد رقم 2020-074,مؤسسة محمد الموسى,أنظمة التكييف,الصيانة الدورية,رأسمالي,صيانة,170000,24,2023-05-21,2025-05-10
النقل,التطوير,أبها,مركزي,عقد رقم 2020-075,شركة الفطيم للمقاولات,الخدمات الكهربائية,المشاريع الاستراتيجية,تشغيلي,خدمات فنية,22170000,60,2022-08-21,2027-07-26
الداخلية,التطوير,المدينة,محلي,عقد رقم 2020-076,مجموعة الزامل,صيانة المباني,المشاريع الاستراتيجية,رأسمالي,خدمات فنية,32130000,6,2023-10-04,2024-04-01
الداخلية,الخدمات,الرياض,محلي,عقد رقم 2020-077,مجموعة صافولا,صيانة المباني,الخدمات العامة,مختلط,خدمات فنية,450000,36,2021-05-31,2024-05-15
الصحة,المشاريع,المدينة,فرعي,عقد رقم 2020-078,شركة عبدالله عبدالمحسن الخضري,تطوير المرافق,المشاريع الاستراتيجية,رأسمالي,إنشاءات,8370000,60,2023-06-29,2028-06-02
النقل,الصيانة,القصيم,محلي,عقد رقم 2020-079,مجموعة السعودي الفرنسي,صيانة الطرق,مشاريع البنية التحتية,تشغيلي,إنشاءات,4600000,18,2023-07-14,2025-01-04
النقل,العمليات,تبوك,محلي,عقد رقم 2020-080,شركة الفطيم للمقاولات,صيانة الطرق,المشاريع الاستراتيجية,مختلط,صيانة,1110000,12,2023-08-19,2024-08-13
الإسكان,المشاريع,جدة,إقليمي,عقد رقم 2020-081,مجموعة صافولا,الخدمات الكهربائية,الصيانة الدورية,تشغيلي,إنشاءات,44100000,18,2022-02-24,2023-08-18
الإسكان,التطوير,الدمام,محلي,عقد رقم 2020-082,مجموعة الزامل,تطوير المرافق,التطوير والصيانة,تشغيلي,خدمات متخصصة,6860000,24,2021-08-02,2023-07-23
البلدية,المشاريع,مكة,محلي,عقد رقم 2020-083,مجموعة العليان,أعمال السباكة,مشاريع البنية التحتية,تشغيلي,مقاولات عامة,1170000,48,2024-04-11,2028-03-21
البلدية,المشاريع,أبها,مركزي,عقد رقم 2020-084,شركة الراجحي للمقاولات,صيانة دورية,الصيانة الدورية,تشغيلي,إنشاءات,1890000,48,2023-12-15,2027-11-24
الصحة,المشاريع,تبوك,فرعي,عقد رقم 2020-085,مجموعة السعودي الفرنسي,تطوير المرافق,التطوير والصيانة,تشغيلي,خدمات متخصصة,280000,60,2024-11-25,2029-10-30
الدفاع,الخدمات,تبوك,إقليمي,عقد رقم 2020-086,مؤسسة محمد الموسى,تشغيل وصيانة المرافق,المشاريع الاستراتيجية,مختلط,إنشاءات,9140000,48,2023-11-19,2027-10-29
الدفاع,المشاريع,جدة,محلي,عقد رقم 2020-087,مجموعة السعودي الفرنسي,أعمال النظافة,مشاريع البنية التحتية,تشغيلي,صيانة,400000,6,2023-06-18,2023-12-15
الدفاع,الصيانة,المدينة,إقليمي,عقد رقم 2020-088,شركة أرامكو للخدمات,أعمال السباكة,الخدمات العامة,رأسمالي,خدمات متخصصة,13080000,24,2023-11-22,2025-11-11
النقل,التطوير,حائل,فرعي,عقد رقم 2020-089,شركة الفطيم للمقاولات,ترميم وتجديد,الخدمات العامة,رأسمالي,مقاولات عامة,90000,12,2022-04-23,2023-04-18
الصحة,التطوير,المدينة,فرعي,عقد رقم 2020-090,مجموعة السعودي الفرنسي,تطوير المرافق,التطوير والصيانة,مختلط,خدمات فنية,1890000,24,2023-07-30,2025-07-19
البلدية,العمليات,مكة,محلي,عقد رقم 2020-091,شركة الفطيم للمقاولات,تطوير البنية التحتية,الخدمات العامة,تشغيلي,خدمات متخصصة,5830000,48,2023-08-01,2027-07-11
الصحة,التطوير,المدينة,مركزي,عقد رقم 2020-092,شركة النهدي للتطوير,أعمال النظافة,مشاريع البنية التحتية,مختلط,مقاولات عامة,29810000,24,2022-01-05,2023-12-26
النقل,العمليات,مكة,فرعي,عقد رقم 2020-093,شركة النهدي للتطوير,أنظمة التكييف,الخدمات العامة,مختلط,إنشاءات,3930000,24,2024-09-01,2026-08-22
الصحة,الخدمات,الطائف,فرعي,عقد رقم 2020-094,مجموعة السعودي الفرنسي,أنظمة التكييف,التطوير والصيانة,مختلط,مقاولات عامة,1420000,3,2023-07-09,2023-10-07
الدفاع,الخدمات,القصيم,إقليمي,عقد رقم 2020-095,شركة الراجحي للمقاولات,أنظمة التكييف,المشاريع الاستراتيجية,تشغيلي,خدمات فنية,330000,18,2020-12-25,2022-06-18
التعليم,المشاريع,تبوك,إقليمي,عقد رقم 2020-096,مجموعة السعودي الفرنسي,أعمال السباكة,مشاريع البنية التحتية,تشغيلي,خدمات متخصصة,650000,6,2024-07-05,2025-01-01
الدفاع,الخدمات,تبوك,إقليمي,عقد رقم 2020-097,مجموعة السعودي الفرنسي,أعمال النظافة,الخدمات العامة,تشغيلي,إنشاءات,1910000,60,2020-09-10,2025-08-15
الإسكان,الصيانة,أبها,إقليمي,عقد رقم 2020-098,مؤسسة محمد الموسى,أعمال السباكة,مشاريع البنية التحتية,رأسمالي,إنشاءات,24850000,36,2023-06-22,2026-06-06
الصحة,المشاريع,القصيم,فرعي,عقد رقم 2020-099,مجموعة صافولا,تطوير المرافق,التطوير والصيانة,مختلط,خدمات متخصصة,17790000,24,2020-03-17,2022-03-07
البلدية,التطوير,حائل,محلي,عقد رقم 2020-100,شركة عبدالله عبدالمحسن الخضري,صيانة المباني,التطوير والصيانة,رأسمالي,مقاولات عامة,16640000,12,2022-05-08,2023-05-03
الإسكان,العمليات,القصيم,إقليمي,عقد رقم 2021-001,شركة بن لادن السعودية,أعمال السباكة,التطوير والصيانة,رأسمالي,إنشاءات,16660000,18,2022-06-29,2023-12-21
الإسكان,الخدمات,الرياض,مركزي,عقد رقم 2021-002,شركة أرامكو للخدمات,صيانة الطرق,الخدمات العامة,مختلط,صيانة,160000,60,2024-10-02,2029-09-06
الدفاع,المشاريع,حائل,مركزي,عقد رقم 2021-003,شركة عبدالله عبدالمحسن الخضري,إنشاءات جديدة,الخدمات العامة,مختلط,خدمات فنية,980000,18,2020-05-20,2021-11-11
التعليم,الصيانة,الطائف,فرعي,عقد رقم 2021-004,شركة النهدي للتطوير,الخدمات الكهربائية,مشاريع البنية التحتية,رأسمالي,خدمات فنية,60000,12,2024-06-23,2025-06-18
الصحة,الصيانة,أبها,محلي,عقد رقم 2021-005,شركة أرامكو للخدمات,صيانة دورية,الصيانة الدورية,رأسمالي,مقاولات عامة,6410000,12,2020-04-17,2021-04-12
الإسكان,الخدمات,المدينة,محلي,عقد رقم 2021-006,مؤسسة محمد الموسى,صيانة المباني,مشاريع البنية التحتية,تشغيلي,مقاولات عامة,12910000,18,2022-10-28,2024-04-20
الصحة,الصيانة,الطائف,فرعي,عقد رقم 2021-007,مجموعة السعودي الفرنسي,إنشاءات جديدة,التطوير والصيانة,مختلط,خدمات متخصصة,1430000,6,2022-05-23,2022-11-19
النقل,العمليات,أبها,محلي,عقد رقم 2021-008,مجموعة السعودي الفرنسي,تشغيل وصيانة المرافق,مشاريع البنية التحتية,مختلط,خدمات متخصصة,1750000,36,2023-01-28,2026-01-12
الداخلية,العمليات,أبها,محلي,عقد رقم 2021-009,مجموعة صافولا,تشغيل وصيانة المرافق,مشاريع البنية التحتية,تشغيلي,مقاولات عامة,970000,18,2024-01-16,2025-07-09
الإسكان,التطوير,جدة,مركزي,عقد رقم 2021-010,مجموعة السعودي الفرنسي,تطوير البنية التحتية,المشاريع الاستراتيجية,رأسمالي,خدمات فنية,820000,24,2021-10-02,2023-09-22
النقل,الخدمات,الطائف,مركزي,عقد رقم 2021-011,مجموعة صافولا,الخدمات الكهربائية,المشاريع الاستراتيجية,مختلط,إنشاءات,1720000,12,2024-07-20,2025-07-15
النقل,المشاريع,الدمام,محلي,عقد رقم 2021-012,مجموعة العليان,تطوير البنية التحتية,التطوير والصيانة,مختلط,خدمات فنية,1710000,24,2021-08-12,2023-08-02
البلدية,الخدمات,حائل,مركزي,عقد رقم 2021-013,شركة النهدي للتطوير,أعمال النظافة,التطوير والصيانة,رأسمالي,صيانة,1390000,24,2020-08-23,2022-08-13
الصحة,المشاريع,الدمام,محلي,عقد رقم 2021-014,مجموعة السعودي الفرنسي,إنشاءات جديدة,مشاريع البنية التحتية,رأسمالي,خدمات متخصصة,33550000,24,2021-07-13,2023-07-03
التعليم,العمليات,المدينة,إقليمي,عقد رقم 2021-015,شركة النهدي للتطوير,ترميم وتجديد,مشاريع البنية التحتية,رأسمالي,صيانة,1210000,48,2021-03-16,2025-02-23
الداخلية,التطوير,أبها,محلي,عقد رقم 2021-016,مجموعة صافولا,أنظمة التكييف,الخدمات العامة,مختلط,إنشاءات,4280000,3,2020-11-18,2021-02-16
الإسكان,الخدمات,أبها,إقليمي,عقد رقم 2021-017,شركة بن لادن السعودية,صيانة الطرق,المشاريع الاستراتيجية,مختلط,إنشاءات,400000,48,2021-12-07,2025-11-16
البلدية,المشاريع,المدينة,إقليمي,عقد رقم 2021-018,شركة أرامكو للخدمات,تطوير البنية التحتية,مشاريع البنية التحتية,تشغيلي,مقاولات عامة,940000,18,2020-01-16,2021-07-09
التعليم,الخدمات,القصيم,إقليمي,عقد رقم 2021-019,مجموعة السعودي الفرنسي,أعمال السباكة,مشاريع البنية التحتية,تشغيلي,إنشاءات,1970000,12,2020-12-25,2021-12-20
الداخلية,الخدمات,تبوك,محلي,عقد رقم 2021-020,شركة عبدالله عبدالمحسن الخضري,تطوير البنية التحتية,المشاريع الاستراتيجية,رأسمالي,خدمات فنية,48630000,6,2022-07-30,2023-01-26
الدفاع,الصيانة,تبوك,مركزي,عقد رقم 2021-021,مجموعة العليان,أعمال السباكة,الصيانة الدورية,تشغيلي,خدمات متخصصة,9710000,60,2020-12-17,2025-11-21
التعليم,العمليات,الدمام,مركزي,عقد رقم 2021-022,مجموعة الزامل,أعمال النظافة,مشاريع البنية التحتية,مختلط,خدمات متخصصة,32780000,48,2020-06-10,2024-05-20
البلدية,المشاريع,مكة,مركزي,عقد رقم 2021-023,شركة الراجحي للمقاولات,أنظمة التكييف,الخدمات العامة,رأسمالي,خدمات متخصصة,1850000,36,2021-02-01,2024-01-17
الإسكان,التطوير,أبها,محلي,عقد رقم 2021-024,مؤسسة محمد الموسى,ترميم وتجديد,الصيانة الدورية,تشغيلي,خدمات فنية,450000,6,2020-11-09,2021-05-08
الإسكان,العمليات,المدينة,مركزي,عقد رقم 2021-025,شركة أرامكو للخدمات,صيانة دورية,مشاريع البنية التحتية,تشغيلي,مقاولات عامة,280000,60,2020-11-05,2025-10-10
الدفاع,الصيانة,جدة,محلي,عقد رقم 2021-026,شركة الفطيم للمقاولات,ترميم وتجديد,الصيانة الدورية,مختلط,إنشاءات,480000,3,2022-07-14,2022-10-12
النقل,المشاريع,الرياض,محلي,عقد رقم 2021-027,مجموعة السعودي الفرنسي,الخدمات الكهربائية,مشاريع البنية التحتية,مختلط,صيانة,1490000,18,2022-07-10,2024-01-01
النقل,الخدمات,حائل,فرعي,عقد رقم 2021-028,شركة أرامكو للخدمات,الخدمات الكهربائية,التطوير والصيانة,تشغيلي,مقاولات عامة,5680000,18,2020-03-21,2021-09-12
البلدية,العمليات,جدة,إقليمي,عقد رقم 2021-029,مجموعة السعودي الفرنسي,صيانة دورية,المشاريع الاستراتيجية,تشغيلي,خدمات فنية,2430000,36,2024-05-05,2027-04-20
الإسكان,المشاريع,الطائف,إقليمي,عقد رقم 2021-030,مؤسسة محمد الموسى,تشغيل وصيانة المرافق,المشاريع الاستراتيجية,رأسمالي,خدمات متخصصة,1720000,12,2024-01-22,2025-01-16
الإسكان,العمليات,الدمام,مركزي,عقد رقم 2021-031,مؤسسة محمد الموسى,أعمال النظافة,المشاريع الاستراتيجية,مختلط,خدمات فنية,1280000,6,2023-12-22,2024-06-19
الدفاع,التطوير,مكة,فرعي,عقد رقم 2021-032,شركة الراجحي للمقاولات,إنشاءات جديدة,مشاريع البنية التحتية,تشغيلي,إنشاءات,940000,36,2020-02-07,2023-01-22
البلدية,الخدمات,الدمام,محلي,عقد رقم 2021-033,شركة الراجحي للمقاولات,إنشاءات جديدة,الخدمات العامة,مختلط,خدمات متخصصة,9350000,3,2022-11-05,2023-02-03
الداخلية,العمليات,مكة,محلي,عقد رقم 2021-034,شركة النهدي للتطوير,أنظمة التكييف,المشاريع الاستراتيجية,رأسمالي,خدمات متخصصة,2360000,12,2024-07-14,2025-07-09
البلدية,المشاريع,الطائف,محلي,عقد رقم 2021-035,شركة الفطيم للمقاولات,أنظمة التكييف,المشاريع الاستراتيجية,مختلط,خدمات متخصصة,41470000,24,2021-05-04,2023-04-24
النقل,المشاريع,المدينة,مركزي,عقد رقم 2021-036,مؤسسة محمد الموسى,تطوير المرافق,التطوير والصيانة,مختلط,إنشاءات,8720000,12,2022-05-07,2023-05-02
التعليم,العمليات,أبها,فرعي,عقد رقم 2021-037,مجموعة صافولا,تطوير البنية التحتية,الخدمات العامة,تشغيلي,خدمات فنية,450000,6,2023-12-27,2024-06-24
الدفاع,المشاريع,تبوك,مركزي,عقد رقم 2021-038,شركة أرامكو للخدمات,صيانة الطرق,مشاريع البنية التحتية,تشغيلي,إنشاءات,310000,48,2020-02-24,2024-02-03
الصحة,العمليات,أبها,فرعي,عقد رقم 2021-039,شركة المباني الحديثة,تطوير المرافق,المشاريع الاستراتيجية,مختلط,إنشاءات,3150000,36,2024-09-14,2027-08-30
التعليم,الخدمات,حائل,محلي,عقد رقم 2021-040,مجموعة السعودي الفرنسي,أنظمة التكييف,الخدمات العامة,تشغيلي,إنشاءات,480000,3,2020-06-11,2020-09-09
الداخلية,الصيانة,جدة,محلي,عقد رقم 2021-041,شركة النهدي للتطوير,صيانة دورية,مشاريع البنية التحتية,مختلط,خدمات متخصصة,1800000,18,2020-04-07,2021-09-29
الداخلية,الصيانة,حائل,إقليمي,عقد رقم 2021-042,مجموعة العليان,ترميم وتجديد,المشاريع الاستراتيجية,رأسمالي,إنشاءات,4440000,18,2023-03-23,2024-09-13
النقل,الخدمات,القصيم,مركزي,عقد رقم 2021-043,مجموعة صافولا,تطوير المرافق,مشاريع البنية التحتية,مختلط,مقاولات عامة,320000,36,2022-12-08,2025-11-22
البلدية,الصيانة,الطائف,فرعي,عقد رقم 2021-044,شركة المباني الحديثة,أعمال النظافة,مشاريع البنية التحتية,مختلط,خدمات فنية,4990000,24,2022-02-03,2024-01-24
البلدية,المشاريع,أبها,محلي,عقد رقم 2021-045,مؤسسة محمد الموسى,إنشاءات جديدة,الخدمات العامة,رأسمالي,مقاولات عامة,1200000,3,2020-09-30,2020-12-29
التعليم,الصيانة,الطائف,إقليمي,عقد رقم 2021-046,مجموعة الزامل,أعمال السباكة,الصيانة الدورية,تشغيلي,خدمات فنية,460000,24,2020-03-16,2022-03-06
الصحة,العمليات,المدينة,مركزي,عقد رقم 2021-047,شركة أرامكو للخدمات,أعمال السباكة,المشاريع الاستراتيجية,مختلط,مقاولات عامة,450000,18,2020-03-15,2021-09-06
الإسكان,التطوير,الطائف,إقليمي,عقد رقم 2021-048,مجموعة السعودي الفرنسي,تشغيل وصيانة المرافق,المشاريع الاستراتيجية,رأسمالي,مقاولات عامة,43290000,36,2022-03-02,2025-02-14
الصحة,الصيانة,الطائف,إقليمي,عقد رقم 2021-049,شركة عبدالله عبدالمحسن الخضري,تطوير المرافق,الصيانة الدورية,مختلط,مقاولات عامة,1170000,12,2023-05-18,2024-05-12
الإسكان,العمليات,حائل,محلي,عقد رقم 2021-050,شركة عبدالله عبدالمحسن الخضري,أعمال النظافة,مشاريع البنية التحتية,رأسمالي,مقاولات عامة,580000,60,2020-12-07,2025-11-11
البلدية,الخدمات,أبها,مركزي,عقد رقم 2021-051,شركة الراجحي للمقاولات,تطوير البنية التحتية,الخدمات العامة,مختلط,خدمات فنية,19580000,12,2022-01-14,2023-01-09
النقل,المشاريع,أبها,إقليمي,عقد رقم 2021-052,شركة أرامكو للخدمات,تطوير المرافق,مشاريع البنية التحتية,مختلط,صيانة,12170000,48,2022-01-11,2025-12-21
الدفاع,المشاريع,جدة,مركزي,عقد رقم 2021-053,شركة المباني الحديثة,إنشاءات جديدة,المشاريع الاستراتيجية,مختلط,مقاولات عامة,1860000,36,2022-12-20,2025-12-04
الإسكان,التطوير,مكة,إقليمي,عقد رقم 2021-054,شركة المباني الحديثة,تطوير المرافق,الخدمات العامة,رأسمالي,صيانة,180000,6,2023-02-24,2023-08-23
الداخلية,الصيانة,الطائف,إقليمي,عقد رقم 2021-055,شركة المباني الحديثة,تطوير البنية التحتية,الصيانة الدورية,مختلط,خدمات فنية,1990000,6,2024-10-12,2025-04-10
البلدية,العمليات,القصيم,فرعي,عقد رقم 2021-056,مجموعة السعودي الفرنسي,صيانة الطرق,الخدمات العامة,رأسمالي,مقاولات عامة,21680000,24,2024-12-30,2026-12-20
الداخلية,الخدمات,الدمام,مركزي,عقد رقم 2021-057,مجموعة السعودي الفرنسي,أنظمة التكييف,المشاريع الاستراتيجية,مختلط,مقاولات عامة,1270000,36,2020-02-23,2023-02-07
النقل,الصيانة,الدمام,إقليمي,عقد رقم 2021-058,مؤسسة محمد الموسى,تطوير البنية التحتية,المشاريع الاستراتيجية,تشغيلي,خدمات متخصصة,8900000,48,2022-12-12,2026-11-21
الإسكان,الخدمات,الدمام,فرعي,عقد رقم 2021-059,مجموعة صافولا,صيانة دورية,مشاريع البنية التحتية,رأسمالي,خدمات متخصصة,46990000,12,2021-12-06,2022-12-01
الإسكان,المشاريع,الطائف,إقليمي,عقد رقم 2021-060,مجموعة السعودي الفرنسي,أنظمة التكييف,الخدمات العامة,مختلط,خدمات متخصصة,210000,24,2020-11-09,2022-10-30
النقل,الصيانة,القصيم,فرعي,عقد رقم 2021-061,شركة النهدي للتطوير,ترميم وتجديد,الخدمات العامة,رأسمالي,خدمات متخصصة,7150000,12,2021-07-16,2022-07-11
الصحة,الصيانة,جدة,مركزي,عقد رقم 2021-062,مؤسسة محمد الموسى,ترميم وتجديد,التطوير والصيانة,مختلط,صيانة,6720000,36,2024-01-15,2026-12-30
الداخلية,الخدمات,المدينة,إقليمي,عقد رقم 2021-063,شركة الفطيم للمقاولات,صيانة الطرق,المشاريع الاستراتيجية,تشغيلي,مقاولات عامة,2250000,48,2024-04-19,2028-03-29
الداخلية,التطوير,مكة,إقليمي,عقد رقم 2021-064,شركة النهدي للتطوير,إنشاءات جديدة,التطوير والصيانة,مختلط,خدمات فنية,260000,3,2020-05-29,2020-08-27
البلدية,العمليات,القصيم,مركزي,عقد رقم 2021-065,شركة أرامكو للخدمات,صيانة الطرق,المشاريع الاستراتيجية,رأسمالي,خدمات فنية,18770000,36,2024-02-12,2027-01-27
الدفاع,التطوير,حائل,محلي,عقد رقم 2021-066,مجموعة العليان,إنشاءات جديدة,التطوير والصيانة,مختلط,خدمات فنية,70000,18,2022-07-09,2023-12-31
الداخلية,التطوير,المدينة,محلي,عقد رقم 2021-067,شركة بن لادن السعودية,تطوير البنية التحتية,المشاريع الاستراتيجية,مختلط,مقاولات عامة,1570000,12,2021-01-23,2022-01-18
الصحة,العمليات,أبها,محلي,عقد رقم 2021-068,شركة عبدالله عبدالمحسن الخضري,صيانة دورية,مشاريع البنية التحتية,رأسمالي,مقاولات عامة,600000,18,2021-05-08,2022-10-30
الداخلية,العمليات,الرياض,محلي,عقد رقم 2021-069,شركة بن لادن السعودية,ترميم وتجديد,الصيانة الدورية,رأسمالي,خدمات فنية,8400000,24,2020-10-01,2022-09-21
الداخلية,الخدمات,المدينة,مركزي,عقد رقم 2021-070,شركة الراجحي للمقاولات,تطوير البنية التحتية,المشاريع الاستراتيجية,تشغيلي,خدمات فنية,310000,24,2023-02-07,2025-01-27
النقل,الخدمات,تبوك,مركزي,عقد رقم 2021-071,شركة بن لادن السعودية,صيانة المباني,الخدمات العامة,مختلط,خدمات فنية,3660000,36,2023-02-16,2026-01-31
النقل,الخدمات,الدمام,إقليمي,عقد رقم 2021-072,شركة النهدي للتطوير,الخدمات الكهربائية,الخدمات العامة,تشغيلي,خدمات متخصصة,810000,60,2024-07-04,2029-06-08
البلدية,الخدمات,القصيم,محلي,عقد رقم 2021-073,شركة المباني الحديثة,ترميم وتجديد,التطوير والصيانة,تشغيلي,إنشاءات,1560000,24,2024-02-23,2026-02-12
النقل,العمليات,الرياض,محلي,عقد رقم 2021-074,شركة عبدالله عبدالمحسن الخضري,أعمال النظافة,الصيانة الدورية,مختلط,صيانة,5490000,36,2022-01-24,2025-01-08
النقل,الخدمات,تبوك,فرعي,عقد رقم 2021-075,مؤسسة محمد الموسى,صيانة الطرق,مشاريع البنية التحتية,مختلط,إنشاءات,850000,3,2024-01-17,2024-04-16
التعليم,التطوير,مكة,محلي,عقد رقم 2021-076,مجموعة الزامل,ترميم وتجديد,المشاريع الاستراتيجية,مختلط,إنشاءات,1370000,3,2021-01-25,2021-04-25
الدفاع,التطوير,القصيم,محلي,عقد رقم 2021-077,شركة أرامكو للخدمات,إنشاءات جديدة,المشاريع الاستراتيجية,مختلط,خدمات فنية,1670000,12,2023-12-16,2024-12-10
الإسكان,العمليات,حائل,محلي,عقد رقم 2021-078,مجموعة العليان,صيانة الطرق,التطوير والصيانة,مختلط,خدمات فنية,9270000,36,2023-01-23,2026-01-07
التعليم,التطوير,الطائف,محلي,عقد رقم 2021-079,شركة أرامكو للخدمات,صيانة دورية,التطوير والصيانة,تشغيلي,إنشاءات,7910000,24,2021-04-05,2023-03-26
البلدية,العمليات,الدمام,إقليمي,عقد رقم 2021-080,شركة بن لادن السعودية,أنظمة التكييف,مشاريع البنية التحتية,تشغيلي,مقاولات عامة,36470000,48,2023-03-20,2027-02-27
التعليم,الخدمات,المدينة,إقليمي,عقد رقم 2021-081,شركة الراجحي للمقاولات,تطوير البنية التحتية,الصيانة الدورية,مختلط,خدمات متخصصة,3790000,24,2023-09-05,2025-08-25
التعليم,المشاريع,الرياض,مركزي,عقد رقم 2021-082,مجموعة صافولا,الخدمات الكهربائية,المشاريع الاستراتيجية,رأسمالي,صيانة,320000,18,2021-05-05,2022-10-27
الداخلية,المشاريع,المدينة,إقليمي,عقد رقم 2021-083,شركة عبدالله عبدالمحسن الخضري,أعمال النظافة,مشاريع البنية التحتية,رأسمالي,خدمات متخصصة,1490000,12,2020-01-11,2021-01-05
الداخلية,المشاريع,الرياض,محلي,عقد رقم 2021-084,شركة الفطيم للمقاولات,إنشاءات جديدة,التطوير والصيانة,رأسمالي,إنشاءات,21740000,3,2021-04-20,2021-07-19
الدفاع,التطوير,القصيم,محلي,عقد رقم 2021-085,شركة الراجحي للمقاولات,صيانة دورية,المشاريع الاستراتيجية,تشغيلي,صيانة,32480000,6,2021-09-03,2022-03-02
الإسكان,العمليات,الدمام,مركزي,عقد رقم 2021-086,شركة المباني الحديثة,الخدمات الكهربائية,التطوير والصيانة,مختلط,صيانة,1460000,6,2024-07-14,2025-01-10
الدفاع,الصيانة,تبوك,مركزي,عقد رقم 2021-087,شركة الراجحي للمقاولات,إنشاءات جديدة,المشاريع الاستراتيجية,تشغيلي,صيانة,6320000,48,2020-12-25,2024-12-04
البلدية,العمليات,الطائف,إقليمي,عقد رقم 2021-088,شركة النهدي للتطوير,تشغيل وصيانة المرافق,الصيانة الدورية,رأسمالي,خدمات فنية,1430000,24,2020-01-14,2022-01-03
الإسكان,الصيانة,أبها,إقليمي,عقد رقم 2021-089,شركة الراجحي للمقاولات,أعمال السباكة,الصيانة الدورية,مختلط,خدمات فنية,2520000,36,2023-08-31,2026-08-15
الدفاع,العمليات,حائل,فرعي,عقد رقم 2021-090,مجموعة العليان,إنشاءات جديدة,المشاريع الاستراتيجية,رأسمالي,مقاولات عامة,9890000,6,2023-11-14,2024-05-12
الداخلية,الخدمات,مكة,فرعي,عقد رقم 2021-091,مؤسسة محمد الموسى,ترميم وتجديد,مشاريع البنية التحتية,مختلط,مقاولات عامة,1650000,36,2024-03-11,2027-02-24
الصحة,الصيانة,القصيم,فرعي,عقد رقم 2021-092,شركة النهدي للتطوير,صيانة دورية,الخدمات العامة,رأسمالي,خدمات فنية,340000,36,2022-12-17,2025-12-01
الإسكان,الخدمات,أبها,مركزي,عقد رقم 2021-093,مجموعة الزامل,تطوير المرافق,مشاريع البنية التحتية,تشغيلي,صيانة,150000,60,2024-10-15,2029-09-19
النقل,التطوير,المدينة,مركزي,عقد رقم 2021-094,مجموعة صافولا,أنظمة التكييف,مشاريع البنية التحتية,مختلط,صيانة,620000,48,2022-11-17,2026-10-27
الإسكان,الصيانة,القصيم,مركزي,عقد رقم 2021-095,مجموعة السعودي الفرنسي,تطوير المرافق,مشاريع البنية التحتية,تشغيلي,مقاولات عامة,230000,6,2023-03-30,2023-09-26
الإسكان,التطوير,الطائف,محلي,عقد رقم 2021-096,شركة الفطيم للمقاولات,أعمال السباكة,المشاريع الاستراتيجية,رأسمالي,خدمات متخصصة,8110000,12,2021-01-03,2021-12-29
الداخلية,الخدمات,الدمام,فرعي,عقد رقم 2021-097,شركة بن لادن السعودية,صيانة المباني,التطوير والصيانة,تشغيلي,خدمات متخصصة,330000,36,2020-09-29,2023-09-14
الداخلية,العمليات,الدمام,إقليمي,عقد رقم 2021-098,مجموعة العليان,تشغيل وصيانة المرافق,مشاريع البنية التحتية,رأسمالي,مقاولات عامة,4070000,48,2022-05-18,2026-04-27
الصحة,الخدمات,الرياض,محلي,عقد رقم 2021-099,شركة النهدي للتطوير,أعمال النظافة,مشاريع البنية التحتية,رأسمالي,إنشاءات,80000,3,2023-06-13,2023-09-11
البلدية,الصيانة,الدمام,إقليمي,عقد رقم 2021-100,مجموعة العليان,تشغيل وصيانة المرافق,الصيانة الدورية,تشغيلي,خدمات متخصصة,160000,60,2022-04-03,2027-03-08
الإسكان,الخدمات,مكة,محلي,عقد رقم 2022-001,شركة عبدالله عبدالمحسن الخضري,أنظمة التكييف,مشاريع البنية التحتية,مختلط,خدمات متخصصة,120000,36,2023-05-09,2026-04-23
النقل,التطوير,الرياض,إقليمي,عقد رقم 2022-002,مؤسسة محمد الموسى,أعمال النظافة,المشاريع الاستراتيجية,مختلط,خدمات فنية,5580000,12,2024-12-06,2025-12-01
الداخلية,المشاريع,القصيم,محلي,عقد رقم 2022-003,مجموعة العليان,صيانة الطرق,التطوير والصيانة,مختلط,صيانة,1120000,48,2023-11-27,2027-11-06
الداخلية,التطوير,القصيم,فرعي,عقد رقم 2022-004,مجموعة صافولا,صيانة الطرق,التطوير والصيانة,رأسمالي,خدمات فنية,47740000,60,2024-07-08,2029-06-12
الصحة,الخدمات,مكة,مركزي,عقد رقم 2022-005,شركة عبدالله عبدالمحسن الخضري,أعمال السباكة,الصيانة الدورية,مختلط,إنشاءات,34900000,6,2023-08-17,2024-02-13
النقل,الخدمات,مكة,محلي,عقد رقم 2022-006,مجموعة العليان,الخدمات الكهربائية,التطوير والصيانة,رأسمالي,صيانة,440000,6,2024-11-24,2025-05-23
الداخلية,المشاريع,حائل,فرعي,عقد رقم 2022-007,مجموعة صافولا,صيانة الطرق,الصيانة الدورية,تشغيلي,خدمات فنية,8320000,6,2021-01-24,2021-07-23
الدفاع,العمليات,الطائف,محلي,عقد رقم 2022-008,شركة الفطيم للمقاولات,تطوير البنية التحتية,المشاريع الاستراتيجية,تشغيلي,صيانة,1250000,60,2022-02-18,2027-01-23
البلدية,المشاريع,الدمام,مركزي,عقد رقم 2022-009,شركة عبدالله عبدالمحسن الخضري,صيانة دورية,الصيانة الدورية,مختلط,مقاولات عامة,1670000,36,2022-01-29,2025-01-13
الداخلية,الخدمات,مكة,محلي,عقد رقم 2022-010,مجموعة الزامل,أعمال النظافة,التطوير والصيانة,تشغيلي,مقاولات عامة,170000,12,2021-08-27,2022-08-22
التعليم,المشاريع,القصيم,محلي,عقد رقم 2022-011,شركة الراجحي للمقاولات,صيانة دورية,مشاريع البنية التحتية,مختلط,إنشاءات,1230000,60,2024-01-21,2028-12-25
البلدية,الصيانة,تبوك,فرعي,عقد رقم 2022-012,مؤسسة محمد الموسى,صيانة الطرق,مشاريع البنية التحتية,مختلط,صيانة,13250000,6,2024-09-14,2025-03-13
الصحة,الخدمات,حائل,محلي,عقد رقم 2022-013,مؤسسة محمد الموسى,تطوير المرافق,مشاريع البنية التحتية,رأسمالي,خدمات متخصصة,1280000,18,2020-01-19,2021-07-12
الإسكان,العمليات,القصيم,إقليمي,عقد رقم 2022-014,شركة بن لادن السعودية,صيانة دورية,المشاريع الاستراتيجية,رأسمالي,إنشاءات,320000,48,2023-02-03,2027-01-13
النقل,العمليات,الطائف,إقليمي,عقد رقم 2022-015,مجموعة صافولا,تطوير البنية التحتية,التطوير والصيانة,تشغيلي,مقاولات عامة,370000,12,2020-07-16,2021-07-11
الدفاع,الصيانة,الرياض,مركزي,عقد رقم 2022-016,مجموعة صافولا,أعمال السباكة,المشاريع الاستراتيجية,مختلط,مقاولات عامة,25150000,18,2023-03-03,2024-08-24
الداخلية,التطوير,الطائف,مركزي,عقد رقم 2022-017,مجموعة الزامل,صيانة المباني,الخدمات العامة,رأسمالي,خدمات متخصصة,2690000,3,2020-04-24,2020-07-23
الإسكان,العمليات,القصيم,مركزي,عقد رقم 2022-018,شركة الراجحي للمقاولات,الخدمات الكهربائية,مشاريع البنية التحتية,رأسمالي,خدمات متخصصة,80000,24,2022-08-31,2024-08-20
التعليم,الخدمات,مكة,محلي,عقد رقم 2022-019,مؤسسة محمد الموسى,صيانة دورية,التطوير والصيانة,تشغيلي,صيانة,30080000,48,2020-10-22,2024-10-01
الصحة,الصيانة,تبوك,فرعي,عقد رقم 2022-020,مجموعة السعودي الفرنسي,الخدمات الكهربائية,الصيانة الدورية,مختلط,خدمات متخصصة,1220000,6,2024-06-06,2024-12-03
البلدية,التطوير,أبها,فرعي,عقد رقم 2022-021,شركة أرامكو للخدمات,صيانة دورية,المشاريع الاستراتيجية,تشغيلي,صيانة,190000,36,2022-03-23,2025-03-07
الدفاع,المشاريع,جدة,مركزي,عقد رقم 2022-022,شركة عبدالله عبدالمحسن الخضري,إنشاءات جديدة,المشاريع الاستراتيجية,مختلط,صيانة,370000,48,2023-10-24,2027-10-03
الصحة,الصيانة,المدينة,محلي,عقد رقم 2022-023,شركة أرامكو للخدمات,أنظمة التكييف,مشاريع البنية التحتية,رأسمالي,إنشاءات,720000,48,2024-02-23,2028-02-02
النقل,التطوير,جدة,مركزي,عقد رقم 2022-024,مجموعة السعودي الفرنسي,الخدمات الكهربائية,الصيانة الدورية,رأسمالي,خدمات متخصصة,1660000,48,2021-01-18,2024-12-28
الدفاع,التطوير,تبوك,مركزي,عقد رقم 2022-025,شركة المباني الحديثة,صيانة دورية,الخدمات العامة,مختلط,خدمات متخصصة,10820000,36,2023-05-09,2026-04-23
الدفاع,العمليات,أبها,فرعي,عقد رقم 2022-026,مجموعة السعودي الفرنسي,إنشاءات جديدة,المشاريع الاستراتيجية,تشغيلي,مقاولات عامة,190000,48,2020-12-13,2024-11-22
الدفاع,المشاريع,أبها,فرعي,عقد رقم 2022-027,شركة الفطيم للمقاولات,تطوير البنية التحتية,الخدمات العامة,تشغيلي,إنشاءات,5020000,60,2021-09-05,2026-08-10
البلدية,العمليات,أبها,إقليمي,عقد رقم 2022-028,مجموعة صافولا,أعمال النظافة,الصيانة الدورية,رأسمالي,خدمات فنية,5180000,36,2022-03-21,2025-03-05
الداخلية,العمليات,المدينة,محلي,عقد رقم 2022-029,شركة النهدي للتطوير,صيانة الطرق,التطوير والصيانة,تشغيلي,خدمات فنية,870000,18,2021-10-18,2023-04-11
التعليم,الخدمات,القصيم,فرعي,عقد رقم 2022-030,مؤسسة محمد الموسى,صيانة دورية,مشاريع البنية التحتية,مختلط,مقاولات عامة,1680000,48,2024-07-30,2028-07-09
البلدية,الصيانة,تبوك,محلي,عقد رقم 2022-031,شركة الراجحي للمقاولات,أعمال النظافة,التطوير والصيانة,رأسمالي,خدمات فنية,1110000,18,2023-12-21,2025-06-13
الداخلية,الصيانة,أبها,محلي,عقد رقم 2022-032,شركة النهدي للتطوير,أعمال السباكة,الصيانة الدورية,مختلط,مقاولات عامة,8610000,12,2023-09-10,2024-09-04
الإسكان,الخدمات,حائل,مركزي,عقد رقم 2022-033,مجموعة السعودي الفرنسي,صيانة الطرق,التطوير والصيانة,رأسمالي,خدمات متخصصة,5010000,3,2023-01-18,2023-04-18
البلدية,التطوير,جدة,مركزي,عقد رقم 2022-034,مجموعة السعودي الفرنسي,أنظمة التكييف,الخدمات العامة,مختلط,خدمات متخصصة,32250000,48,2020-03-31,2024-03-10
الداخلية,الخدمات,القصيم,فرعي,عقد رقم 2022-035,شركة أرامكو للخدمات,صيانة المباني,المشاريع الاستراتيجية,رأسمالي,خدمات فنية,1320000,18,2023-02-16,2024-08-09
التعليم,العمليات,المدينة,إقليمي,عقد رقم 2022-036,شركة الفطيم للمقاولات,صيانة الطرق,الصيانة الدورية,تشغيلي,خدمات فنية,430000,6,2022-05-01,2022-10-28
الداخلية,العمليات,جدة,إقليمي,عقد رقم 2022-037,شركة بن لادن السعودية,تشغيل وصيانة المرافق,مشاريع البنية التحتية,رأسمالي,خدمات فنية,1960000,6,2022-09-02,2023-03-01
الإسكان,المشاريع,القصيم,فرعي,عقد رقم 2022-038,مجموعة الزامل,إنشاءات جديدة,التطوير والصيانة,مختلط,مقاولات عامة,3370000,6,2023-08-20,2024-02-16
التعليم,المشاريع,تبوك,محلي,عقد رقم 2022-039,شركة بن لادن السعودية,تشغيل وصيانة المرافق,الصيانة الدورية,رأسمالي,مقاولات عامة,7280000,18,2022-08-04,2024-01-26
التعليم,المشاريع,المدينة,مركزي,عقد رقم 2022-040,شركة النهدي للتطوير,تطوير البنية التحتية,الصيانة الدورية,رأسمالي,خدمات فنية,1970000,48,2023-04-27,2027-04-06
الإسكان,التطوير,القصيم,إقليمي,عقد رقم 2022-041,شركة النهدي للتطوير,أعمال السباكة,الصيانة الدورية,تشغيلي,خدمات متخصصة,1050000,18,2021-10-29,2023-04-22
النقل,المشاريع,المدينة,مركزي,عقد رقم 2022-042,مؤسسة محمد الموسى,إنشاءات جديدة,التطوير والصيانة,رأسمالي,صيانة,1460000,36,2020-08-21,2023-08-06
التعليم,الخدمات,تبوك,محلي,عقد رقم 2022-043,شركة النهدي للتطوير,إنشاءات جديدة,الصيانة الدورية,تشغيلي,مقاولات عامة,410000,6,2021-09-17,2022-03-16
الإسكان,المشاريع,القصيم,فرعي,عقد رقم 2022-044,شركة الفطيم للمقاولات,أنظمة التكييف,الخدمات العامة,رأسمالي,خدمات فنية,7810000,60,2021-01-15,2025-12-20
الدفاع,الصيانة,أبها,فرعي,عقد رقم 2022-045,مجموعة العليان,أعمال السباكة,الصيانة الدورية,مختلط,مقاولات عامة,9260000,60,2024-09-20,2029-08-25
الداخلية,المشاريع,جدة,مركزي,عقد رقم 2022-046,مجموعة العليان,أنظمة التكييف,مشاريع البنية التحتية,تشغيلي,صيانة,1430000,60,2022-04-17,2027-03-22
النقل,التطوير,القصيم,مركزي,عقد رقم 2022-047,شركة النهدي للتطوير,تطوير البنية التحتية,التطوير والصيانة,مختلط,خدمات فنية,280000,24,2023-01-06,2024-12-26
النقل,المشاريع,تبوك,مركزي,عقد رقم 2022-048,شركة المباني الحديثة,أعمال النظافة,الخدمات العامة,تشغيلي,إنشاءات,5700000,3,2023-01-15,2023-04-15
الداخلية,الصيانة,مكة,فرعي,عقد رقم 2022-049,شركة المباني الحديثة,ترميم وتجديد,التطوير والصيانة,مختلط,خدمات متخصصة,680000,24,2022-07-10,2024-06-29
البلدية,المشاريع,مكة,مركزي,عقد رقم 2022-050,شركة النهدي للتطوير,الخدمات الكهربائية,الصيانة الدورية,تشغيلي,خدمات متخصصة,120000,48,2023-07-19,2027-06-28
الدفاع,العمليات,حائل,إقليمي,عقد رقم 2022-051,مجموعة الزامل,أعمال النظافة,مشاريع البنية التحتية,رأسمالي,مقاولات عامة,1970000,12,2023-01-08,2024-01-03
الإسكان,المشاريع,مكة,فرعي,عقد رقم 2022-052,شركة المباني الحديثة,الخدمات الكهربائية,الخدمات العامة,مختلط,مقاولات عامة,18510000,24,2020-05-01,2022-04-21
الإسكان,التطوير,تبوك,محلي,عقد رقم 2022-053,مجموعة السعودي الفرنسي,أعمال النظافة,مشاريع البنية التحتية,تشغيلي,خدمات متخصصة,1060000,12,2022-09-29,2023-09-24
الدفاع,التطوير,أبها,إقليمي,عقد رقم 2022-054,شركة النهدي للتطوير,صيانة المباني,مشاريع البنية التحتية,مختلط,مقاولات عامة,9350000,24,2024-03-15,2026-03-05
الداخلية,المشاريع,تبوك,فرعي,عقد رقم 2022-055,شركة الفطيم للمقاولات,أنظمة التكييف,التطوير والصيانة,تشغيلي,خدمات فنية,45860000,36,2023-07-24,2026-07-08
البلدية,العمليات,الرياض,مركزي,عقد رقم 2022-056,مجموعة السعودي الفرنسي,أعمال النظافة,المشاريع الاستراتيجية,رأسمالي,إنشاءات,1510000,12,2023-01-25,2024-01-20
الداخلية,المشاريع,الدمام,إقليمي,عقد رقم 2022-057,شركة الراجحي للمقاولات,أنظمة التكييف,مشاريع البنية التحتية,مختلط,خدمات فنية,500000,12,2024-10-22,2025-10-17
التعليم,الصيانة,تبوك,إقليمي,عقد رقم 2022-058,شركة المباني الحديثة,تشغيل وصيانة المرافق,الخدمات العامة,تشغيلي,إنشاءات,1860000,6,2021-05-27,2021-11-23
الصحة,المشاريع,حائل,فرعي,عقد رقم 2022-059,مجموعة الزامل,أعمال النظافة,المشاريع الاستراتيجية,رأسمالي,إنشاءات,290000,6,2023-12-12,2024-06-09
الداخلية,المشاريع,أبها,مركزي,عقد رقم 2022-060,مجموعة العليان,أعمال السباكة,مشاريع البنية التحتية,مختلط,إنشاءات,9210000,36,2023-11-25,2026-11-09
التعليم,التطوير,الدمام,فرعي,عقد رقم 2022-061,مجموعة السعودي الفرنسي,صيانة دورية,الصيانة الدورية,رأسمالي,خدمات متخصصة,1120000,36,2020-07-30,2023-07-15
الإسكان,المشاريع,تبوك,محلي,عقد رقم 2022-062,مجموعة العليان,تطوير البنية التحتية,مشاريع البنية التحتية,رأسمالي,إنشاءات,940000,12,2023-08-24,2024-08-18
الدفاع,المشاريع,مكة,إقليمي,عقد رقم 2022-063,مؤسسة محمد الموسى,تطوير البنية التحتية,الخدمات العامة,مختلط,خدمات متخصصة,1400000,48,2023-04-22,2027-04-01
الصحة,العمليات,مكة,فرعي,عقد رقم 2022-064,شركة المباني الحديثة,أعمال السباكة,التطوير والصيانة,مختلط,إنشاءات,7790000,24,2023-05-13,2025-05-02
التعليم,التطوير,حائل,مركزي,عقد رقم 2022-065,مجموعة الزامل,صيانة المباني,التطوير والصيانة,تشغيلي,صيانة,730000,18,2024-05-24,2025-11-15
التعليم,التطوير,جدة,مركزي,عقد رقم 2022-066,شركة النهدي للتطوير,تطوير البنية التحتية,مشاريع البنية التحتية,تشغيلي,صيانة,1930000,48,2022-03-03,2026-02-10
النقل,العمليات,القصيم,محلي,عقد رقم 2022-067,مجموعة صافولا,تشغيل وصيانة المرافق,المشاريع الاستراتيجية,رأسمالي,خدمات متخصصة,36700000,3,2020-03-22,2020-06-20
الصحة,الخدمات,مكة,فرعي,عقد رقم 2022-068,مجموعة الزامل,الخدمات الكهربائية,المشاريع الاستراتيجية,مختلط,إنشاءات,210000,12,2023-01-06,2024-01-01
التعليم,الصيانة,مكة,مركزي,عقد رقم 2022-069,مجموعة صافولا,تطوير البنية التحتية,المشاريع الاستراتيجية,مختلط,خدمات متخصصة,9100000,48,2021-09-27,2025-09-06
الإسكان,المشاريع,جدة,مركزي,عقد رقم 2022-070,شركة المباني الحديثة,إنشاءات جديدة,مشاريع البنية التحتية,رأسمالي,مقاولات عامة,7520000,24,2020-04-22,2022-04-12
الإسكان,العمليات,جدة,مركزي,عقد رقم 2022-071,شركة أرامكو للخدمات,أعمال السباكة,التطوير والصيانة,مختلط,إنشاءات,110000,24,2021-12-11,2023-12-01
الدفاع,الصيانة,أبها,فرعي,عقد رقم 2022-072,شركة أرامكو للخدمات,إنشاءات جديدة,التطوير والصيانة,رأسمالي,خدمات متخصصة,1570000,6,2021-06-22,2021-12-19
الصحة,الصيانة,الرياض,فرعي,عقد رقم 2022-073,شركة بن لادن السعودية,تطوير المرافق,التطوير والصيانة,تشغيلي,صيانة,310000,6,2023-10-12,2024-04-09
الإسكان,التطوير,مكة,إقليمي,عقد رقم 2022-074,مجموعة العليان,أعمال السباكة,التطوير والصيانة,تشغيلي,إنشاءات,1990000,3,2021-01-01,2021-04-01
الصحة,المشاريع,مكة,مركزي,عقد رقم 2022-075,مجموعة صافولا,تطوير البنية التحتية,المشاريع الاستراتيجية,تشغيلي,خدمات فنية,400000,36,2023-03-16,2026-02-28
الدفاع,المشاريع,المدينة,إقليمي,عقد رقم 2022-076,شركة المباني الحديثة,ترميم وتجديد,الخدمات العامة,تشغيلي,خدمات فنية,510000,6,2021-11-01,2022-04-30
الإسكان,الخدمات,مكة,فرعي,عقد رقم 2022-077,شركة بن لادن السعودية,أعمال السباكة,مشاريع البنية التحتية,رأسمالي,خدمات متخصصة,23110000,60,2023-04-26,2028-03-30
البلدية,التطوير,المدينة,مركزي,عقد رقم 2022-078,مجموعة العليان,صيانة دورية,الخدمات العامة,تشغيلي,مقاولات عامة,10090000,3,2021-12-10,2022-03-10
الصحة,المشاريع,القصيم,محلي,عقد رقم 2022-079,شركة المباني الحديثة,الخدمات الكهربائية,المشاريع الاستراتيجية,مختلط,إنشاءات,2780000,12,2020-05-02,2021-04-27
البلدية,التطوير,جدة,مركزي,عقد رقم 2022-080,مجموعة صافولا,أعمال النظافة,الخدمات العامة,رأسمالي,خدمات فنية,1830000,6,2023-04-04,2023-10-01
الإسكان,العمليات,الطائف,محلي,عقد رقم 2022-081,شركة عبدالله عبدالمحسن الخضري,صيانة الطرق,مشاريع البنية التحتية,رأسمالي,صيانة,36370000,36,2021-06-18,2024-06-02
الداخلية,التطوير,الطائف,محلي,عقد رقم 2022-082,مجموعة السعودي الفرنسي,صيانة دورية,التطوير والصيانة,رأسمالي,مقاولات عامة,130000,6,2024-05-16,2024-11-12
الصحة,المشاريع,المدينة,مركزي,عقد رقم 2022-083,مجموعة العليان,الخدمات الكهربائية,الخدمات العامة,رأسمالي,صيانة,110000,60,2021-09-23,2026-08-28
الدفاع,العمليات,الدمام,مركزي,عقد رقم 2022-084,مجموعة صافولا,تطوير المرافق,الصيانة الدورية,مختلط,خدمات متخصصة,1920000,48,2021-12-29,2025-12-08
الصحة,الصيانة,الرياض,فرعي,عقد رقم 2022-085,شركة الراجحي للمقاولات,صيانة الطرق,المشاريع الاستراتيجية,تشغيلي,إنشاءات,790000,6,2021-05-26,2021-11-22
الصحة,الصيانة,مكة,محلي,عقد رقم 2022-086,شركة الراجحي للمقاولات,تطوير البنية التحتية,التطوير والصيانة,رأسمالي,إنشاءات,15030000,24,2023-04-07,2025-03-27
الداخلية,التطوير,أبها,مركزي,عقد رقم 2022-087,مجموعة صافولا,أعمال النظافة,المشاريع الاستراتيجية,رأسمالي,خدمات فنية,350000,3,2022-08-02,2022-10-31
التعليم,الصيانة,حائل,فرعي,عقد رقم 2022-088,مؤسسة محمد الموسى,أنظمة التكييف,المشاريع الاستراتيجية,تشغيلي,خدمات متخصصة,280000,12,2021-03-15,2022-03-10
التعليم,التطوير,مكة,فرعي,عقد رقم 2022-089,مؤسسة محمد الموسى,صيانة دورية,مشاريع البنية التحتية,تشغيلي,خدمات فنية,250000,3,2022-09-08,2022-12-07
النقل,العمليات,تبوك,إقليمي,عقد رقم 2022-090,شركة الراجحي للمقاولات,صيانة المباني,التطوير والصيانة,مختلط,صيانة,1680000,60,2022-09-09,2027-08-14
النقل,العمليات,حائل,فرعي,عقد رقم 2022-091,شركة الراجحي للمقاولات,تطوير البنية التحتية,الخدمات العامة,مختلط,صيانة,290000,24,2020-03-01,2022-02-19
التعليم,الخدمات,تبوك,إقليمي,عقد رقم 2022-092,شركة الراجحي للمقاولات,إنشاءات جديدة,الخدمات العامة,مختلط,خدمات فنية,9950000,3,2021-06-29,2021-09-27
الإسكان,العمليات,حائل,فرعي,عقد رقم 2022-093,شركة النهدي للتطوير,صيانة الطرق,المشاريع الاستراتيجية,مختلط,خدمات فنية,11890000,36,2024-07-09,2027-06-24
التعليم,الخدمات,مكة,مركزي,عقد رقم 2022-094,مجموعة الزامل,تطوير المرافق,مشاريع البنية التحتية,تشغيلي,خدمات متخصصة,70000,60,2020-12-25,2025-11-29
البلدية,العمليات,الرياض,مركزي,عقد رقم 2022-095,شركة الراجحي للمقاولات,ترميم وتجديد,الخدمات العامة,رأسمالي,خدمات متخصصة,870000,12,2021-02-16,2022-02-11
الإسكان,التطوير,حائل,مركزي,عقد رقم 2022-096,شركة أرامكو للخدمات,أنظمة التكييف,التطوير والصيانة,رأسمالي,صيانة,35070000,36,2024-10-28,2027-10-13
الإسكان,العمليات,الدمام,إقليمي,عقد رقم 2022-097,مجموعة العليان,أعمال النظافة,الصيانة الدورية,رأسمالي,مقاولات عامة,6080000,48,2024-02-08,2028-01-18
الصحة,الخدمات,تبوك,مركزي,عقد رقم 2022-098,شركة الراجحي للمقاولات,ترميم وتجديد,التطوير والصيانة,مختلط,صيانة,430000,24,2021-09-20,2023-09-10
الدفاع,الصيانة,مكة,إقليمي,عقد رقم 2022-099,شركة أرامكو للخدمات,إنشاءات جديدة,مشاريع البنية التحتية,مختلط,خدمات فنية,19430000,6,2023-08-02,2024-01-29
الإسكان,الصيانة,الطائف,إقليمي,عقد رقم 2022-100,مجموعة السعودي الفرنسي,تشغيل وصيانة المرافق,مشاريع البنية التحتية,رأسمالي,مقاولات عامة,180000,3,2022-07-03,2022-10-01
الداخلية,التطوير,الطائف,محلي,عقد رقم 2023-001,مجموعة السعودي الفرنسي,تطوير المرافق,الصيانة الدورية,مختلط,صيانة,37780000,48,2022-06-16,2026-05-26
الصحة,العمليات,الرياض,إقليمي,عقد رقم 2023-002,شركة عبدالله عبدالمحسن الخضري,تطوير البنية التحتية,مشاريع البنية التحتية,تشغيلي,صيانة,490000,60,2020-11-29,2025-11-03
النقل,الصيانة,الطائف,محلي,عقد رقم 2023-003,شركة المباني الحديثة,صيانة المباني,المشاريع الاستراتيجية,مختلط,صيانة,80000,48,2024-12-23,2028-12-02
الدفاع,المشاريع,مكة,محلي,عقد رقم 2023-004,شركة المباني الحديثة,صيانة دورية,الصيانة الدورية,تشغيلي,خدمات فنية,100000,48,2023-05-28,2027-05-07
النقل,الخدمات,أبها,فرعي,عقد رقم 2023-005,شركة بن لادن السعودية,الخدمات الكهربائية,مشاريع البنية التحتية,تشغيلي,إنشاءات,250000,18,2021-09-01,2023-02-23
التعليم,المشاريع,المدينة,مركزي,عقد رقم 2023-006,شركة الفطيم للمقاولات,تطوير البنية التحتية,التطوير والصيانة,تشغيلي,مقاولات عامة,60000,60,2021-08-26,2026-07-31
الداخلية,المشاريع,الطائف,محلي,عقد رقم 2023-007,شركة أرامكو للخدمات,إنشاءات جديدة,المشاريع الاستراتيجية,رأسمالي,خدمات فنية,330000,24,2022-09-28,2024-09-17
الدفاع,الخدمات,الرياض,فرعي,عقد رقم 2023-008,شركة المباني الحديثة,أعمال النظافة,مشاريع البنية التحتية,رأسمالي,خدمات فنية,480000,60,2022-06-19,2027-05-24
التعليم,الخدمات,الرياض,محلي,عقد رقم 2023-009,مجموعة الزامل,أعمال السباكة,الصيانة الدورية,مختلط,مقاولات عامة,49570000,48,2024-07-13,2028-06-22
الداخلية,الصيانة,القصيم,فرعي,عقد رقم 2023-010,مجموعة السعودي الفرنسي,تطوير المرافق,الخدمات العامة,رأسمالي,صيانة,660000,18,2023-03-18,2024-09-08
الصحة,التطوير,مكة,فرعي,عقد رقم 2023-011,شركة النهدي للتطوير,أنظمة التكييف,التطوير والصيانة,مختلط,إنشاءات,270000,18,2024-07-13,2026-01-04
الدفاع,العمليات,القصيم,محلي,عقد رقم 2023-012,شركة بن لادن السعودية,تشغيل وصيانة المرافق,الصيانة الدورية,مختلط,خدمات متخصصة,1650000,48,2020-06-27,2024-06-06
التعليم,الخدمات,حائل,مركزي,عقد رقم 2023-013,مجموعة السعودي الفرنسي,ترميم وتجديد,مشاريع البنية التحتية,تشغيلي,خدمات متخصصة,120000,48,2024-05-19,2028-04-28
الداخلية,التطوير,حائل,محلي,عقد رقم 2023-014,شركة بن لادن السعودية,إنشاءات جديدة,التطوير والصيانة,تشغيلي,صيانة,27720000,36,2024-12-07,2027-11-22
الإسكان,المشاريع,الرياض,محلي,عقد رقم 2023-015,شركة عبدالله عبدالمحسن الخضري,الخدمات الكهربائية,مشاريع البنية التحتية,تشغيلي,خدمات فنية,220000,48,2023-06-20,2027-05-30
الإسكان,الصيانة,مكة,فرعي,عقد رقم 2023-016,شركة عبدالله عبدالمحسن الخضري,تشغيل وصيانة المرافق,المشاريع الاستراتيجية,تشغيلي,خدمات فنية,9190000,24,2021-09-28,2023-09-18
التعليم,التطوير,مكة,محلي,عقد رقم 2023-017,شركة المباني الحديثة,تطوير المرافق,الصيانة الدورية,تشغيلي,إنشاءات,2740000,48,2024-02-01,2028-01-11
النقل,التطوير,الدمام,مركزي,عقد رقم 2023-018,شركة الراجحي للمقاولات,صيانة الطرق,الخدمات العامة,رأسمالي,صيانة,420000,12,2022-11-21,2023-11-16
الإسكان,المشاريع,المدينة,إقليمي,عقد رقم 2023-019,شركة الفطيم للمقاولات,صيانة دورية,المشاريع الاستراتيجية,مختلط,إنشاءات,230000,60,2020-03-08,2025-02-10
النقل,التطوير,الدمام,محلي,عقد رقم 2023-020,شركة النهدي للتطوير,صيانة دورية,التطوير والصيانة,تشغيلي,صيانة,300000,3,2023-10-27,2024-01-25
الصحة,العمليات,الرياض,محلي,عقد رقم 2023-021,شركة بن لادن السعودية,إنشاءات جديدة,الصيانة الدورية,رأسمالي,صيانة,7770000,24,2024-09-11,2026-09-01
الإسكان,التطوير,القصيم,مركزي,عقد رقم 2023-022,مؤسسة محمد الموسى,صيانة المباني,المشاريع الاستراتيجية,رأسمالي,صيانة,4250000,18,2023-08-18,2025-02-08
البلدية,العمليات,المدينة,محلي,عقد رقم 2023-023,مجموعة صافولا,الخدمات الكهربائية,المشاريع الاستراتيجية,تشغيلي,صيانة,360000,3,2023-05-16,2023-08-14
النقل,التطوير,حائل,مركزي,عقد رقم 2023-024,شركة بن لادن السعودية,صيانة دورية,التطوير والصيانة,مختلط,خدمات متخصصة,8910000,24,2022-08-13,2024-08-02
الداخلية,الصيانة,الطائف,إقليمي,عقد رقم 2023-025,مؤسسة محمد الموسى,الخدمات الكهربائية,التطوير والصيانة,تشغيلي,خدمات فنية,100000,24,2023-06-01,2025-05-21
الصحة,الخدمات,تبوك,إقليمي,عقد رقم 2023-026,مؤسسة محمد الموسى,إنشاءات جديدة,مشاريع البنية التحتية,مختلط,مقاولات عامة,1000000,12,2021-01-20,2022-01-15
الداخلية,الصيانة,حائل,فرعي,عقد رقم 2023-027,شركة أرامكو للخدمات,تشغيل وصيانة المرافق,الخدمات العامة,مختلط,خدمات متخصصة,37150000,24,2021-08-28,2023-08-18
النقل,العمليات,الدمام,فرعي,عقد رقم 2023-028,شركة عبدالله عبدالمحسن الخضري,تطوير البنية التحتية,المشاريع الاستراتيجية,رأسمالي,خدمات فنية,34050000,60,2023-07-31,2028-07-04
الإسكان,الصيانة,مكة,إقليمي,عقد رقم 2023-029,مجموعة العليان,تشغيل وصيانة المرافق,التطوير والصيانة,تشغيلي,خدمات فنية,32520000,12,2024-01-25,2025-01-19
البلدية,الصيانة,أبها,مركزي,عقد رقم 2023-030,مؤسسة محمد الموسى,ترميم وتجديد,الصيانة الدورية,مختلط,إنشاءات,1470000,24,2022-01-31,2024-01-21
الداخلية,الخدمات,المدينة,محلي,عقد رقم 2023-031,شركة بن لادن السعودية,إنشاءات جديدة,الخدمات العامة,رأسمالي,خدمات فنية,1920000,18,2022-08-25,2024-02-16
التعليم,الصيانة,أبها,إقليمي,عقد رقم 2023-032,مؤسسة محمد الموسى,إنشاءات جديدة,التطوير والصيانة,مختلط,إنشاءات,420000,60,2022-04-18,2027-03-23
البلدية,المشاريع,حائل,فرعي,عقد رقم 2023-033,شركة الفطيم للمقاولات,تطوير البنية التحتية,الخدمات العامة,مختلط,مقاولات عامة,440000,60,2020-01-10,2024-12-14
الداخلية,الصيانة,الرياض,فرعي,عقد رقم 2023-034,شركة المباني الحديثة,الخدمات الكهربائية,مشاريع البنية التحتية,تشغيلي,خدمات متخصصة,1500000,48,2023-07-21,2027-06-30
الإسكان,المشاريع,مكة,إقليمي,عقد رقم 2023-035,شركة عبدالله عبدالمحسن الخضري,إنشاءات جديدة,مشاريع البنية التحتية,تشغيلي,خدمات متخصصة,7250000,3,2021-01-25,2021-04-25
الصحة,العمليات,المدينة,محلي,عقد رقم 2023-036,شركة المباني الحديثة,صيانة دورية,الصيانة الدورية,مختلط,خدمات فنية,480000,24,2023-04-20,2025-04-09
الدفاع,المشاريع,الدمام,محلي,عقد رقم 2023-037,شركة بن لادن السعودية,صيانة الطرق,الخدمات العامة,مختلط,صيانة,1520000,12,2022-06-07,2023-06-02
الصحة,العمليات,الرياض,محلي,عقد رقم 2023-038,مؤسسة محمد الموسى,أنظمة التكييف,الصيانة الدورية,مختلط,إنشاءات,850000,3,2021-03-08,2021-06-06
البلدية,الصيانة,الرياض,مركزي,عقد رقم 2023-039,مجموعة صافولا,تطوير المرافق,المشاريع الاستراتيجية,رأسمالي,خدمات متخصصة,7480000,3,2023-05-01,2023-07-30
الإسكان,الصيانة,المدينة,محلي,عقد رقم 2023-040,مؤسسة محمد الموسى,تطوير البنية التحتية,الصيانة الدورية,تشغيلي,خدمات متخصصة,3720000,60,2021-06-01,2026-05-06
النقل,الخدمات,جدة,إقليمي,عقد رقم 2023-041,مجموعة السعودي الفرنسي,تطوير البنية التحتية,المشاريع الاستراتيجية,رأسمالي,خدمات متخصصة,720000,12,2023-05-25,2024-05-19
الدفاع,التطوير,المدينة,فرعي,عقد رقم 2023-042,شركة بن لادن السعودية,صيانة دورية,المشاريع الاستراتيجية,رأسمالي,مقاولات عامة,3690000,24,2021-02-13,2023-02-03
الصحة,الصيانة,حائل,محلي,عقد رقم 2023-043,شركة الراجحي للمقاولات,تطوير البنية التحتية,الصيانة الدورية,رأسمالي,إنشاءات,400000,18,2021-11-08,2023-05-02
الدفاع,التطوير,الرياض,مركزي,عقد رقم 2023-044,شركة الراجحي للمقاولات,صيانة المباني,التطوير والصيانة,تشغيلي,خدمات فنية,1120000,18,2021-06-08,2022-11-30
الصحة,الصيانة,الدمام,فرعي,عقد رقم 2023-045,شركة أرامكو للخدمات,الخدمات الكهربائية,المشاريع الاستراتيجية,مختلط,خدمات فنية,440000,6,2022-05-22,2022-11-18
التعليم,الصيانة,تبوك,محلي,عقد رقم 2023-046,شركة الفطيم للمقاولات,أنظمة التكييف,المشاريع الاستراتيجية,مختلط,مقاولات عامة,1210000,6,2024-12-04,2025-06-02
التعليم,الصيانة,الدمام,مركزي,عقد رقم 2023-047,شركة الراجحي للمقاولات,تطوير البنية التحتية,المشاريع الاستراتيجية,مختلط,مقاولات عامة,8680000,48,2024-06-26,2028-06-05
البلدية,العمليات,حائل,مركزي,عقد رقم 2023-048,مؤسسة محمد الموسى,تشغيل وصيانة المرافق,الخدمات العامة,تشغيلي,مقاولات عامة,240000,60,2024-07-01,2029-06-05
الدفاع,العمليات,الرياض,فرعي,عقد رقم 2023-049,مؤسسة محمد الموسى,الخدمات الكهربائية,الصيانة الدورية,مختلط,خدمات متخصصة,630000,48,2020-08-19,2024-07-29
الداخلية,العمليات,تبوك,فرعي,عقد رقم 2023-050,مجموعة الزامل,ترميم وتجديد,مشاريع البنية التحتية,رأسمالي,صيانة,4080000,48,2020-07-14,2024-06-23
الصحة,التطوير,الطائف,فرعي,عقد رقم 2023-051,شركة أرامكو للخدمات,أنظمة التكييف,مشاريع البنية التحتية,مختلط,صيانة,21100000,60,2022-11-01,2027-10-06
الصحة,التطوير,أبها,محلي,عقد رقم 2023-052,مجموعة السعودي الفرنسي,تطوير المرافق,المشاريع الاستراتيجية,تشغيلي,إنشاءات,990000,48,2023-02-01,2027-01-11
الصحة,الخدمات,القصيم,مركزي,عقد رقم 2023-053,مجموعة السعودي الفرنسي,ترميم وتجديد,الصيانة الدورية,مختلط,خدمات فنية,260000,3,2022-10-15,2023-01-13
الدفاع,العمليات,الرياض,فرعي,عقد رقم 2023-054,شركة الفطيم للمقاولات,الخدمات الكهربائية,الصيانة الدورية,مختلط,خدمات متخصصة,5820000,18,2024-12-27,2026-06-20
الصحة,المشاريع,الرياض,إقليمي,عقد رقم 2023-055,شركة أرامكو للخدمات,أعمال النظافة,التطوير والصيانة,مختلط,خدمات متخصصة,2950000,36,2022-08-26,2025-08-10
الداخلية,المشاريع,تبوك,مركزي,عقد رقم 2023-056,شركة عبدالله عبدالمحسن الخضري,ترميم وتجديد,الخدمات العامة,رأسمالي,إنشاءات,130000,6,2022-02-04,2022-08-03
البلدية,المشاريع,الطائف,مركزي,عقد رقم 2023-057,مجموعة صافولا,صيانة المباني,الصيانة الدورية,رأسمالي,مقاولات عامة,480000,48,2024-10-11,2028-09-20
النقل,الصيانة,القصيم,محلي,عقد رقم 2023-058,شركة النهدي للتطوير,تطوير المرافق,الصيانة الدورية,رأسمالي,خدمات متخصصة,10290000,12,2022-07-25,2023-07-20
النقل,الخدمات,الطائف,محلي,عقد رقم 2023-059,مجموعة صافولا,ترميم وتجديد,الخدمات العامة,تشغيلي,مقاولات عامة,390000,12,2020-12-21,2021-12-16
التعليم,التطوير,حائل,إقليمي,عقد رقم 2023-060,شركة المباني الحديثة,صيانة دورية,التطوير والصيانة,مختلط,خدمات متخصصة,770000,24,2021-12-03,2023-11-23
الإسكان,العمليات,الطائف,فرعي,عقد رقم 2023-061,شركة المباني الحديثة,أعمال النظافة,الخدمات العامة,مختلط,خدمات متخصصة,370000,18,2023-07-19,2025-01-09
الدفاع,الخدمات,أبها,محلي,عقد رقم 2023-062,مؤسسة محمد الموسى,تشغيل وصيانة المرافق,الصيانة الدورية,تشغيلي,مقاولات عامة,8380000,36,2023-11-22,2026-11-06
الداخلية,المشاريع,الرياض,مركزي,عقد رقم 2023-063,مجموعة العليان,أنظمة التكييف,الخدمات العامة,تشغيلي,خدمات فنية,550000,3,2024-07-13,2024-10-11
التعليم,الخدمات,الرياض,إقليمي,عقد رقم 2023-064,شركة الفطيم للمقاولات,تطوير البنية التحتية,الصيانة الدورية,مختلط,خدمات متخصصة,4470000,3,2020-10-26,2021-01-24
الداخلية,المشاريع,القصيم,إقليمي,عقد رقم 2023-065,شركة المباني الحديثة,أعمال النظافة,مشاريع البنية التحتية,تشغيلي,مقاولات عامة,6700000,18,2024-11-06,2026-04-30
الصحة,العمليات,مكة,محلي,عقد رقم 2023-066,مجموعة العليان,أعمال النظافة,التطوير والصيانة,مختلط,خدمات متخصصة,13610000,36,2022-05-03,2025-04-17
الدفاع,التطوير,الدمام,مركزي,عقد رقم 2023-067,شركة الراجحي للمقاولات,إنشاءات جديدة,الصيانة الدورية,رأسمالي,مقاولات عامة,3620000,18,2024-02-21,2025-08-14
التعليم,المشاريع,حائل,إقليمي,عقد رقم 2023-068,شركة بن لادن السعودية,الخدمات الكهربائية,المشاريع الاستراتيجية,مختلط,صيانة,180000,48,2020-03-24,2024-03-03
البلدية,الخدمات,المدينة,محلي,عقد رقم 2023-069,شركة النهدي للتطوير,صيانة دورية,التطوير والصيانة,رأسمالي,خدمات فنية,13410000,12,2020-03-22,2021-03-17
الصحة,الخدمات,الدمام,محلي,عقد رقم 2023-070,مجموعة الزامل,صيانة دورية,المشاريع الاستراتيجية,رأسمالي,خدمات فنية,44930000,18,2022-12-12,2024-06-04
الدفاع,العمليات,مكة,محلي,عقد رقم 2023-071,مجموعة الزامل,أعمال النظافة,مشاريع البنية التحتية,رأسمالي,خدمات فنية,4770000,18,2021-03-29,2022-09-20
الصحة,العمليات,تبوك,مركزي,عقد رقم 2023-072,مجموعة صافولا,أنظمة التكييف,الصيانة الدورية,مختلط,خدمات فنية,26360000,18,2022-07-01,2023-12-23
الداخلية,التطوير,الرياض,إقليمي,عقد رقم 2023-073,مؤسسة محمد الموسى,صيانة الطرق,التطوير والصيانة,مختلط,إنشاءات,1560000,36,2020-02-20,2023-02-04
النقل,الصيانة,جدة,فرعي,عقد رقم 2023-074,مؤسسة محمد الموسى,أعمال النظافة,الخدمات العامة,مختلط,مقاولات عامة,46100000,12,2020-07-15,2021-07-10
الإسكان,التطوير,جدة,فرعي,عقد رقم 2023-075,شركة بن لادن السعودية,تطوير المرافق,التطوير والصيانة,رأسمالي,إنشاءات,480000,6,2024-09-07,2025-03-06
النقل,الصيانة,حائل,فرعي,عقد رقم 2023-076,شركة عبدالله عبدالمحسن الخضري,أعمال السباكة,المشاريع الاستراتيجية,تشغيلي,مقاولات عامة,180000,3,2020-05-30,2020-08-28
الصحة,الخدمات,الرياض,مركزي,عقد رقم 2023-077,شركة المباني الحديثة,ترميم وتجديد,مشاريع البنية التحتية,مختلط,إنشاءات,400000,36,2022-06-05,2025-05-20
الدفاع,الخدمات,جدة,إقليمي,عقد رقم 2023-078,شركة الفطيم للمقاولات,أعمال السباكة,المشاريع الاستراتيجية,مختلط,إنشاءات,400000,6,2022-01-02,2022-07-01
الإسكان,التطوير,القصيم,إقليمي,عقد رقم 2023-079,مؤسسة محمد الموسى,إنشاءات جديدة,التطوير والصيانة,مختلط,خدمات فنية,780000,12,2022-08-28,2023-08-23
النقل,الخدمات,تبوك,مركزي,عقد رقم 2023-080,شركة عبدالله عبدالمحسن الخضري,صيانة الطرق,التطوير والصيانة,رأسمالي,مقاولات عامة,50000,12,2020-01-23,2021-01-17
النقل,العمليات,مكة,مركزي,عقد رقم 2023-081,شركة الراجحي للمقاولات,أعمال النظافة,الصيانة الدورية,رأسمالي,خدمات متخصصة,160000,12,2023-08-15,2024-08-09
الدفاع,الصيانة,مكة,محلي,عقد رقم 2023-082,شركة أرامكو للخدمات,الخدمات الكهربائية,الخدمات العامة,مختلط,صيانة,80000,6,2022-08-02,2023-01-29
التعليم,العمليات,أبها,محلي,عقد رقم 2023-083,شركة أرامكو للخدمات,ترميم وتجديد,التطوير والصيانة,مختلط,خدمات متخصصة,9550000,24,2020-07-23,2022-07-13
التعليم,الصيانة,الطائف,فرعي,عقد رقم 2023-084,مجموعة العليان,تشغيل وصيانة المرافق,المشاريع الاستراتيجية,تشغيلي,خدمات فنية,5590000,36,2020-11-08,2023-10-24
الداخلية,العمليات,المدينة,محلي,عقد رقم 2023-085,مجموعة الزامل,تطوير البنية التحتية,الخدمات العامة,مختلط,خدمات متخصصة,41060000,36,2020-10-02,2023-09-17
النقل,المشاريع,المدينة,مركزي,عقد رقم 2023-086,شركة المباني الحديثة,تطوير البنية التحتية,مشاريع البنية التحتية,مختلط,إنشاءات,19390000,24,2020-06-16,2022-06-06
الصحة,الخدمات,المدينة,محلي,عقد رقم 2023-087,مؤسسة محمد الموسى,إنشاءات جديدة,التطوير والصيانة,تشغيلي,صيانة,3780000,48,2024-07-22,2028-07-01
النقل,الصيانة,تبوك,إقليمي,عقد رقم 2023-088,مجموعة الزامل,صيانة المباني,الخدمات العامة,مختلط,صيانة,310000,24,2024-12-30,2026-12-20
النقل,الخدمات,الدمام,محلي,عقد رقم 2023-089,شركة أرامكو للخدمات,صيانة المباني,الخدمات العامة,تشغيلي,صيانة,870000,12,2024-03-30,2025-03-25
الإسكان,المشاريع,القصيم,إقليمي,عقد رقم 2023-090,مجموعة صافولا,تطوير المرافق,المشاريع الاستراتيجية,رأسمالي,إنشاءات,580000,24,2020-05-08,2022-04-28
الإسكان,العمليات,المدينة,فرعي,عقد رقم 2023-091,مجموعة صافولا,أعمال النظافة,المشاريع الاستراتيجية,تشغيلي,خدمات متخصصة,320000,36,2023-08-21,2026-08-05
التعليم,الخدمات,تبوك,إقليمي,عقد رقم 2023-092,شركة أرامكو للخدمات,تطوير المرافق,المشاريع الاستراتيجية,مختلط,إنشاءات,1280000,6,2023-08-31,2024-02-27
الصحة,الخدمات,المدينة,فرعي,عقد رقم 2023-093,شركة الراجحي للمقاولات,إنشاءات جديدة,الخدمات العامة,تشغيلي,خدمات متخصصة,980000,12,2022-10-24,2023-10-19
البلدية,العمليات,جدة,محلي,عقد رقم 2023-094,مؤسسة محمد الموسى,تطوير المرافق,المشاريع الاستراتيجية,رأسمالي,خدمات متخصصة,5470000,6,2024-01-09,2024-07-07
التعليم,الخدمات,حائل,فرعي,عقد رقم 2023-095,شركة الراجحي للمقاولات,أعمال النظافة,الصيانة الدورية,رأسمالي,خدمات متخصصة,70000,48,2020-11-26,2024-11-05
النقل,التطوير,حائل,مركزي,عقد رقم 2023-096,شركة المباني الحديثة,تشغيل وصيانة المرافق,التطوير والصيانة,رأسمالي,صيانة,140000,3,2020-10-27,2021-01-25
التعليم,التطوير,حائل,فرعي,عقد رقم 2023-097,شركة النهدي للتطوير,إنشاءات جديدة,الصيانة الدورية,مختلط,خدمات متخصصة,21440000,60,2022-07-08,2027-06-12
الداخلية,الخدمات,حائل,مركزي,عقد رقم 2023-098,مجموعة العليان,أعمال السباكة,المشاريع الاستراتيجية,رأسمالي,إنشاءات,4870000,12,2021-06-25,2022-06-20
الإسكان,التطوير,الدمام,مركزي,عقد رقم 2023-099,شركة الراجحي للمقاولات,تطوير المرافق,الصيانة الدورية,مختلط,إنشاءات,1550000,18,2020-02-03,2021-07-27
التعليم,الخدمات,القصيم,مركزي,عقد رقم 2023-100,مؤسسة محمد الموسى,أعمال النظافة,المشاريع الاستراتيجية,مختلط,مقاولات عامة,390000,6,2024-12-02,2025-05-31
التعليم,التطوير,تبوك,إقليمي,عقد رقم 2024-001,شركة النهدي للتطوير,تشغيل وصيانة المرافق,الصيانة الدورية,رأسمالي,مقاولات عامة,5590000,3,2022-01-28,2022-04-28
البلدية,الصيانة,المدينة,محلي,عقد رقم 2024-002,شركة عبدالله عبدالمحسن الخضري,صيانة الطرق,مشاريع البنية التحتية,مختلط,إنشاءات,980000,24,2020-10-01,2022-09-21
الإسكان,المشاريع,الطائف,محلي,عقد رقم 2024-003,شركة أرامكو للخدمات,تطوير البنية التحتية,الخدمات العامة,تشغيلي,خدمات متخصصة,1280000,6,2023-03-29,2023-09-25
النقل,العمليات,حائل,إقليمي,عقد رقم 2024-004,مؤسسة محمد الموسى,أعمال السباكة,الخدمات العامة,تشغيلي,خدمات متخصصة,38420000,24,2021-06-03,2023-05-24
النقل,التطوير,المدينة,إقليمي,عقد رقم 2024-005,شركة النهدي للتطوير,الخدمات الكهربائية,المشاريع الاستراتيجية,مختلط,صيانة,340000,60,2024-05-24,2029-04-28
البلدية,المشاريع,جدة,فرعي,عقد رقم 2024-006,مجموعة الزامل,أعمال السباكة,التطوير والصيانة,مختلط,خدمات متخصصة,5740000,6,2024-10-17,2025-04-15
الصحة,الصيانة,الدمام,محلي,عقد رقم 2024-007,شركة النهدي للتطوير,أعمال السباكة,مشاريع البنية التحتية,رأسمالي,خدمات فنية,380000,3,2023-11-28,2024-02-26
الإسكان,التطوير,تبوك,إقليمي,عقد رقم 2024-008,شركة المباني الحديثة,ترميم وتجديد,مشاريع البنية التحتية,رأسمالي,مقاولات عامة,60000,36,2021-03-30,2024-03-14
البلدية,الخدمات,المدينة,فرعي,عقد رقم 2024-009,شركة بن لادن السعودية,ترميم وتجديد,الصيانة الدورية,مختلط,صيانة,390000,3,2022-06-18,2022-09-16
التعليم,الصيانة,الدمام,مركزي,عقد رقم 2024-010,شركة عبدالله عبدالمحسن الخضري,أعمال السباكة,التطوير والصيانة,مختلط,مقاولات عامة,5010000,12,2023-06-13,2024-06-07
الصحة,الصيانة,القصيم,إقليمي,عقد رقم 2024-011,شركة المباني الحديثة,صيانة دورية,الصيانة الدورية,تشغيلي,خدمات فنية,1970000,18,2022-04-10,2023-10-02
الداخلية,التطوير,حائل,مركزي,عقد رقم 2024-012,شركة عبدالله عبدالمحسن الخضري,إنشاءات جديدة,المشاريع الاستراتيجية,مختلط,إنشاءات,150000,24,2024-07-28,2026-07-18
الصحة,الخدمات,المدينة,إقليمي,عقد رقم 2024-013,شركة المباني الحديثة,تطوير المرافق,المشاريع الاستراتيجية,مختلط,مقاولات عامة,1210000,6,2023-02-18,2023-08-17
الداخلية,التطوير,حائل,مركزي,عقد رقم 2024-014,شركة الفطيم للمقاولات,تطوير البنية التحتية,التطوير والصيانة,رأسمالي,مقاولات عامة,8500000,18,2024-04-25,2025-10-17
البلدية,العمليات,تبوك,إقليمي,عقد رقم 2024-015,مجموعة الزامل,صيانة دورية,مشاريع البنية التحتية,مختلط,خدمات فنية,3920000,18,2023-07-21,2025-01-11
الإسكان,العمليات,جدة,فرعي,عقد رقم 2024-016,شركة الفطيم للمقاولات,الخدمات الكهربائية,التطوير والصيانة,رأسمالي,خدمات متخصصة,400000,24,2021-05-23,2023-05-13
الداخلية,المشاريع,مكة,فرعي,عقد رقم 2024-017,شركة عبدالله عبدالمحسن الخضري,صيانة الطرق,الخدمات العامة,رأسمالي,صيانة,22760000,12,2021-07-05,2022-06-30
الصحة,الصيانة,أبها,مركزي,عقد رقم 2024-018,مجموعة الزامل,صيانة المباني,المشاريع الاستراتيجية,تشغيلي,خدمات متخصصة,100000,36,2024-09-08,2027-08-24
البلدية,العمليات,أبها,فرعي,عقد رقم 2024-019,مجموعة الزامل,أنظمة التكييف,المشاريع الاستراتيجية,رأسمالي,خدمات متخصصة,48550000,60,2021-10-07,2026-09-11
الداخلية,الخدمات,الرياض,إقليمي,عقد رقم 2024-020,مجموعة صافولا,أعمال النظافة,الخدمات العامة,تشغيلي,إنشاءات,1380000,3,2020-09-19,2020-12-18
الصحة,المشاريع,تبوك,مركزي,عقد رقم 2024-021,شركة أرامكو للخدمات,الخدمات الكهربائية,الصيانة الدورية,تشغيلي,صيانة,510000,60,2023-12-01,2028-11-04
النقل,العمليات,الطائف,فرعي,عقد رقم 2024-022,شركة الفطيم للمقاولات,أعمال السباكة,الخدمات العامة,تشغيلي,خدمات فنية,290000,24,2023-01-28,2025-01-17
النقل,المشاريع,حائل,فرعي,عقد رقم 2024-023,مجموعة السعودي الفرنسي,تشغيل وصيانة المرافق,التطوير والصيانة,رأسمالي,خدمات متخصصة,140000,48,2022-01-17,2025-12-27
الإسكان,المشاريع,أبها,مركزي,عقد رقم 2024-024,شركة الراجحي للمقاولات,أعمال السباكة,المشاريع الاستراتيجية,رأسمالي,خدمات متخصصة,460000,48,2022-06-04,2026-05-14
الدفاع,الخدمات,حائل,مركزي,عقد رقم 2024-025,مجموعة صافولا,تطوير البنية التحتية,الخدمات العامة,رأسمالي,صيانة,4510000,36,2022-12-29,2025-12-13
الصحة,التطوير,الطائف,إقليمي,عقد رقم 2024-026,شركة أرامكو للخدمات,الخدمات الكهربائية,الصيانة الدورية,مختلط,خدمات فنية,1820000,24,2024-07-24,2026-07-14
البلدية,الخدمات,مكة,فرعي,عقد رقم 2024-027,شركة عبدالله عبدالمحسن الخضري,الخدمات الكهربائية,التطوير والصيانة,مختلط,خدمات متخصصة,1230000,3,2021-12-05,2022-03-05
النقل,العمليات,أبها,فرعي,عقد رقم 2024-028,شركة الراجحي للمقاولات,أعمال النظافة,التطوير والصيانة,تشغيلي,خدمات متخصصة,35570000,60,2022-09-25,2027-08-30
الصحة,المشاريع,الطائف,فرعي,عقد رقم 2024-029,شركة أرامكو للخدمات,الخدمات الكهربائية,التطوير والصيانة,مختلط,خدمات فنية,2590000,48,2023-03-16,2027-02-23
البلدية,العمليات,حائل,محلي,عقد رقم 2024-030,مجموعة صافولا,إنشاءات جديدة,الخدمات العامة,رأسمالي,صيانة,280000,48,2023-05-24,2027-05-03
الإسكان,الصيانة,مكة,فرعي,عقد رقم 2024-031,مجموعة صافولا,تطوير البنية التحتية,مشاريع البنية التحتية,رأسمالي,مقاولات عامة,9880000,18,2024-01-30,2025-07-23
النقل,الصيانة,جدة,إقليمي,عقد رقم 2024-032,شركة النهدي للتطوير,إنشاءات جديدة,مشاريع البنية التحتية,مختلط,مقاولات عامة,250000,3,2023-01-28,2023-04-28
الداخلية,المشاريع,الدمام,فرعي,عقد رقم 2024-033,شركة بن لادن السعودية,صيانة المباني,التطوير والصيانة,تشغيلي,مقاولات عامة,190000,18,2021-09-25,2023-03-19
الإسكان,الخدمات,الدمام,محلي,عقد رقم 2024-034,مؤسسة محمد الموسى,تشغيل وصيانة المرافق,الصيانة الدورية,تشغيلي,خدمات متخصصة,780000,24,2022-08-14,2024-08-03
النقل,المشاريع,جدة,محلي,عقد رقم 2024-035,شركة عبدالله عبدالمحسن الخضري,الخدمات الكهربائية,المشاريع الاستراتيجية,تشغيلي,صيانة,42320000,24,2023-08-03,2025-07-23
البلدية,المشاريع,الطائف,إقليمي,عقد رقم 2024-036,شركة الفطيم للمقاولات,صيانة دورية,مشاريع البنية التحتية,مختلط,مقاولات عامة,470000,3,2021-09-13,2021-12-12
الداخلية,العمليات,حائل,فرعي,عقد رقم 2024-037,شركة بن لادن السعودية,صيانة دورية,التطوير والصيانة,رأسمالي,مقاولات عامة,450000,60,2024-03-27,2029-03-01
الإسكان,التطوير,تبوك,فرعي,عقد رقم 2024-038,شركة عبدالله عبدالمحسن الخضري,تطوير البنية التحتية,المشاريع الاستراتيجية,مختلط,صيانة,840000,48,2024-12-11,2028-11-20
النقل,العمليات,تبوك,فرعي,عقد رقم 2024-039,مجموعة السعودي الفرنسي,إنشاءات جديدة,الخدمات العامة,تشغيلي,إنشاءات,430000,24,2022-11-24,2024-11-13
الإسكان,الخدمات,أبها,فرعي,عقد رقم 2024-040,شركة أرامكو للخدمات,صيانة المباني,الخدمات العامة,رأسمالي,خدمات متخصصة,4280000,60,2023-07-28,2028-07-01
الدفاع,المشاريع,أبها,مركزي,عقد رقم 2024-041,مجموعة العليان,تطوير البنية التحتية,الخدمات العامة,رأسمالي,مقاولات عامة,28930000,12,2020-02-15,2021-02-09
الدفاع,التطوير,الرياض,إقليمي,عقد رقم 2024-042,مجموعة السعودي الفرنسي,إنشاءات جديدة,مشاريع البنية التحتية,تشغيلي,مقاولات عامة,1540000,36,2021-03-20,2024-03-04
الدفاع,التطوير,الرياض,مركزي,عقد رقم 2024-043,شركة المباني الحديثة,صيانة الطرق,المشاريع الاستراتيجية,تشغيلي,صيانة,490000,60,2020-05-26,2025-04-30
البلدية,الصيانة,القصيم,فرعي,عقد رقم 2024-044,شركة الفطيم للمقاولات,أعمال السباكة,التطوير والصيانة,تشغيلي,صيانة,430000,3,2024-02-19,2024-05-19
النقل,الصيانة,المدينة,محلي,عقد رقم 2024-045,مؤسسة محمد الموسى,أنظمة التكييف,الخدمات العامة,تشغيلي,إنشاءات,6610000,3,2023-07-12,2023-10-10
الإسكان,التطوير,الطائف,مركزي,عقد رقم 2024-046,شركة الراجحي للمقاولات,أنظمة التكييف,الصيانة الدورية,رأسمالي,مقاولات عامة,25830000,18,2024-11-03,2026-04-27
النقل,التطوير,حائل,فرعي,عقد رقم 2024-047,شركة أرامكو للخدمات,تطوير البنية التحتية,الخدمات العامة,رأسمالي,مقاولات عامة,70000,18,2024-06-04,2025-11-26
الصحة,العمليات,الدمام,مركزي,عقد رقم 2024-048,شركة الراجحي للمقاولات,تطوير المرافق,الخدمات العامة,تشغيلي,خدمات متخصصة,14030000,36,2020-07-06,2023-06-21
الإسكان,المشاريع,الرياض,محلي,عقد رقم 2024-049,شركة أرامكو للخدمات,تشغيل وصيانة المرافق,الخدمات العامة,تشغيلي,إنشاءات,5680000,36,2024-06-02,2027-05-18
الإسكان,التطوير,مكة,فرعي,عقد رقم 2024-050,مجموعة الزامل,الخدمات الكهربائية,التطوير والصيانة,مختلط,مقاولات عامة,1630000,60,2022-09-20,2027-08-25
الداخلية,العمليات,المدينة,إقليمي,عقد رقم 2024-051,شركة الفطيم للمقاولات,صيانة المباني,الصيانة الدورية,تشغيلي,صيانة,130000,12,2021-07-17,2022-07-12
البلدية,الخدمات,مكة,إقليمي,عقد رقم 2024-052,شركة المباني الحديثة,تطوير البنية التحتية,الصيانة الدورية,تشغيلي,صيانة,5050000,3,2024-12-13,2025-03-13
النقل,العمليات,الطائف,محلي,عقد رقم 2024-053,مؤسسة محمد الموسى,الخدمات الكهربائية,مشاريع البنية التحتية,رأسمالي,خدمات متخصصة,3290000,60,2022-12-09,2027-11-13
التعليم,الصيانة,مكة,مركزي,عقد رقم 2024-054,شركة الفطيم للمقاولات,صيانة الطرق,مشاريع البنية التحتية,رأسمالي,خدمات متخصصة,110000,6,2023-09-11,2024-03-09
النقل,الخدمات,المدينة,مركزي,عقد رقم 2024-055,شركة أرامكو للخدمات,صيانة الطرق,الصيانة الدورية,مختلط,إنشاءات,6410000,48,2023-08-07,2027-07-17
البلدية,الصيانة,أبها,مركزي,عقد رقم 2024-056,شركة أرامكو للخدمات,صيانة دورية,المشاريع الاستراتيجية,تشغيلي,إنشاءات,9780000,18,2020-01-27,2021-07-20
البلدية,العمليات,جدة,فرعي,عقد رقم 2024-057,مجموعة الزامل,تطوير البنية التحتية,مشاريع البنية التحتية,مختلط,صيانة,640000,24,2024-08-13,2026-08-03
الإسكان,المشاريع,حائل,فرعي,عقد رقم 2024-058,مجموعة الزامل,تشغيل وصيانة المرافق,الصيانة الدورية,تشغيلي,إنشاءات,320000,48,2022-12-24,2026-12-03
الإسكان,التطوير,جدة,فرعي,عقد رقم 2024-059,شركة الراجحي للمقاولات,صيانة دورية,المشاريع الاستراتيجية,مختلط,خدمات فنية,7890000,36,2024-04-18,2027-04-03
الداخلية,العمليات,الطائف,إقليمي,عقد رقم 2024-060,شركة أرامكو للخدمات,أعمال السباكة,المشاريع الاستراتيجية,مختلط,خدمات فنية,1750000,12,2023-09-08,2024-09-02
الداخلية,الخدمات,المدينة,إقليمي,عقد رقم 2024-061,شركة الفطيم للمقاولات,تطوير المرافق,المشاريع الاستراتيجية,رأسمالي,إنشاءات,940000,18,2023-05-31,2024-11-21
الصحة,العمليات,مكة,فرعي,عقد رقم 2024-062,شركة أرامكو للخدمات,صيانة المباني,التطوير والصيانة,مختلط,خدمات متخصصة,1130000,3,2021-08-05,2021-11-03
الدفاع,المشاريع,الدمام,إقليمي,عقد رقم 2024-063,شركة أرامكو للخدمات,ترميم وتجديد,الخدمات العامة,رأسمالي,خدمات فنية,290000,12,2023-02-13,2024-02-08
النقل,المشاريع,جدة,إقليمي,عقد رقم 2024-064,شركة الفطيم للمقاولات,إنشاءات جديدة,المشاريع الاستراتيجية,مختلط,خدمات متخصصة,250000,24,2024-07-19,2026-07-09
الصحة,الخدمات,تبوك,مركزي,عقد رقم 2024-065,شركة بن لادن السعودية,الخدمات الكهربائية,التطوير والصيانة,تشغيلي,مقاولات عامة,1120000,6,2024-08-05,2025-02-01
الإسكان,الخدمات,الرياض,محلي,عقد رقم 2024-066,شركة بن لادن السعودية,أنظمة التكييف,الصيانة الدورية,رأسمالي,خدمات فنية,25210000,6,2024-11-12,2025-05-11
التعليم,المشاريع,الرياض,محلي,عقد رقم 2024-067,شركة الفطيم للمقاولات,ترميم وتجديد,الصيانة الدورية,مختلط,إنشاءات,1960000,12,2023-01-10,2024-01-05
التعليم,المشاريع,الطائف,مركزي,عقد رقم 2024-068,شركة الفطيم للمقاولات,ترميم وتجديد,مشاريع البنية التحتية,مختلط,مقاولات عامة,250000,48,2021-03-30,2025-03-09
البلدية,المشاريع,الدمام,محلي,عقد رقم 2024-069,مجموعة الزامل,صيانة الطرق,المشاريع الاستراتيجية,تشغيلي,خدمات متخصصة,1410000,6,2021-06-21,2021-12-18
البلدية,التطوير,الطائف,مركزي,عقد رقم 2024-070,مجموعة السعودي الفرنسي,أعمال النظافة,المشاريع الاستراتيجية,تشغيلي,خدمات فنية,180000,18,2021-02-05,2022-07-30
الإسكان,الصيانة,المدينة,فرعي,عقد رقم 2024-071,شركة أرامكو للخدمات,ترميم وتجديد,المشاريع الاستراتيجية,مختلط,صيانة,1740000,18,2021-12-14,2023-06-07
التعليم,العمليات,الدمام,مركزي,عقد رقم 2024-072,مجموعة السعودي الفرنسي,تشغيل وصيانة المرافق,مشاريع البنية التحتية,رأسمالي,خدمات متخصصة,25660000,3,2022-06-21,2022-09-19
البلدية,الصيانة,المدينة,محلي,عقد رقم 2024-073,شركة الفطيم للمقاولات,صيانة المباني,التطوير والصيانة,رأسمالي,خدمات متخصصة,410000,24,2020-10-29,2022-10-19
النقل,التطوير,حائل,فرعي,عقد رقم 2024-074,شركة المباني الحديثة,تشغيل وصيانة المرافق,مشاريع البنية التحتية,تشغيلي,خدمات متخصصة,1040000,18,2021-03-09,2022-08-31
الدفاع,المشاريع,حائل,إقليمي,عقد رقم 2024-075,شركة بن لادن السعودية,تطوير المرافق,مشاريع البنية التحتية,رأسمالي,مقاولات عامة,80000,3,2023-09-20,2023-12-19
الإسكان,العمليات,جدة,مركزي,عقد رقم 2024-076,شركة عبدالله عبدالمحسن الخضري,أعمال النظافة,المشاريع الاستراتيجية,رأسمالي,مقاولات عامة,9650000,24,2023-09-14,2025-09-03
البلدية,الخدمات,القصيم,مركزي,عقد رقم 2024-077,شركة الراجحي للمقاولات,صيانة الطرق,الصيانة الدورية,تشغيلي,خدمات متخصصة,42520000,6,2022-11-07,2023-05-06
الدفاع,العمليات,أبها,محلي,عقد رقم 2024-078,شركة المباني الحديثة,إنشاءات جديدة,مشاريع البنية التحتية,تشغيلي,خدمات فنية,320000,3,2023-12-30,2024-03-29
الدفاع,الصيانة,المدينة,محلي,عقد رقم 2024-079,شركة بن لادن السعودية,صيانة دورية,التطوير والصيانة,رأسمالي,صيانة,310000,24,2021-12-28,2023-12-18
الإسكان,التطوير,القصيم,فرعي,عقد رقم 2024-080,مجموعة صافولا,صيانة الطرق,الصيانة الدورية,رأسمالي,مقاولات عامة,2730000,48,2021-11-30,2025-11-09
التعليم,المشاريع,حائل,فرعي,عقد رقم 2024-081,شركة الراجحي للمقاولات,أنظمة التكييف,الصيانة الدورية,رأسمالي,مقاولات عامة,770000,36,2021-10-01,2024-09-15
التعليم,العمليات,جدة,مركزي,عقد رقم 2024-082,شركة الراجحي للمقاولات,الخدمات الكهربائية,الخدمات العامة,مختلط,إنشاءات,6730000,12,2024-04-26,2025-04-21
الداخلية,العمليات,أبها,إقليمي,عقد رقم 2024-083,شركة الراجحي للمقاولات,صيانة الطرق,مشاريع البنية التحتية,رأسمالي,صيانة,37780000,36,2024-04-16,2027-04-01
التعليم,الخدمات,مكة,فرعي,عقد رقم 2024-084,مؤسسة محمد الموسى,صيانة المباني,التطوير والصيانة,رأسمالي,مقاولات عامة,7130000,24,2020-02-23,2022-02-12
التعليم,التطوير,أبها,محلي,عقد رقم 2024-085,شركة الراجحي للمقاولات,إنشاءات جديدة,الخدمات العامة,رأسمالي,إنشاءات,5130000,60,2020-10-01,2025-09-05
التعليم,المشاريع,مكة,مركزي,عقد رقم 2024-086,شركة الراجحي للمقاولات,تطوير المرافق,الصيانة الدورية,تشغيلي,خدمات فنية,37710000,3,2022-04-16,2022-07-15
الداخلية,الصيانة,حائل,محلي,عقد رقم 2024-087,شركة المباني الحديثة,الخدمات الكهربائية,المشاريع الاستراتيجية,مختلط,خدمات متخصصة,38690000,60,2024-11-10,2029-10-15
الداخلية,الصيانة,مكة,محلي,عقد رقم 2024-088,شركة المباني الحديثة,صيانة المباني,الصيانة الدورية,تشغيلي,خدمات متخصصة,1440000,3,2023-05-01,2023-07-30
الداخلية,العمليات,المدينة,محلي,عقد رقم 2024-089,شركة الراجحي للمقاولات,أعمال السباكة,التطوير والصيانة,مختلط,إنشاءات,280000,3,2024-04-16,2024-07-15
الداخلية,الصيانة,القصيم,مركزي,عقد رقم 2024-090,شركة الراجحي للمقاولات,ترميم وتجديد,الصيانة الدورية,رأسمالي,مقاولات عامة,1850000,12,2023-11-14,2024-11-08
الداخلية,الخدمات,مكة,محلي,عقد رقم 2024-091,مجموعة السعودي الفرنسي,أنظمة التكييف,التطوير والصيانة,مختلط,صيانة,870000,36,2022-04-26,2025-04-10
الداخلية,العمليات,جدة,محلي,عقد رقم 2024-092,شركة المباني الحديثة,صيانة دورية,الصيانة الدورية,رأسمالي,مقاولات عامة,420000,6,2024-01-11,2024-07-09
الدفاع,الخدمات,الدمام,فرعي,عقد رقم 2024-093,شركة الراجحي للمقاولات,إنشاءات جديدة,مشاريع البنية التحتية,تشغيلي,خدمات فنية,130000,48,2023-02-01,2027-01-11
الصحة,المشاريع,مكة,مركزي,عقد رقم 2024-094,شركة النهدي للتطوير,أنظمة التكييف,مشاريع البنية التحتية,تشغيلي,مقاولات عامة,140000,60,2021-09-25,2026-08-30
النقل,التطوير,مكة,فرعي,عقد رقم 2024-095,شركة النهدي للتطوير,أعمال النظافة,المشاريع الاستراتيجية,تشغيلي,مقاولات عامة,510000,60,2024-10-17,2029-09-21
التعليم,الخدمات,المدينة,فرعي,عقد رقم 2024-096,شركة بن لادن السعودية,إنشاءات جديدة,الخدمات العامة,رأسمالي,خدمات فنية,2050000,6,2022-06-23,2022-12-20
البلدية,الخدمات,المدينة,إقليمي,عقد رقم 2024-097,مجموعة السعودي الفرنسي,صيانة المباني,مشاريع البنية التحتية,تشغيلي,صيانة,48790000,12,2020-03-16,2021-03-11
الإسكان,الخدمات,حائل,فرعي,عقد رقم 2024-098,شركة الفطيم للمقاولات,تشغيل وصيانة المرافق,الصيانة الدورية,تشغيلي,إنشاءات,7800000,24,2020-11-26,2022-11-16
البلدية,الصيانة,تبوك,مركزي,عقد رقم 2024-099,شركة عبدالله عبدالمحسن الخضري,تطوير المرافق,الخدمات العامة,رأسمالي,خدمات فنية,1290000,24,2020-07-09,2022-06-29
التعليم,الخدمات,الرياض,مركزي,عقد رقم 2024-100,شركة النهدي للتطوير,تشغيل وصيانة المرافق,الصيانة الدورية,رأسمالي,مقاولات عامة,1950000,48,2021-11-05,2025-10-15
